Workbook

Sheet Olah Data 3 -Form Responses (3)
K1: A. Kejelasan Konsep Framework | P1: Bagian B: Kelengkapan Komponen Framework | U1: C. Kesesuaian Integrasi Framework | Z1: D. Relevansi Indikator | AE1: E. Keterpaduan Alur Proses | AJ1: F. Potensi Penerapan Organisasi | AO1: G. Kejelasan Output Framework
A2: Timestamp | B2: 1. Nama Lengkap | C2: Jenis Kelamin | D2: 2. Pekerjaan Saat ini : | E2: 3. Jenis Bidang Industri (berdasarkan KLBI) | F2: 5. No Kontak (Opsional) kebutuhan pengiriman Ovo bila terpilih secara acak [08xxx] | G2: 6. Bidang Keahlian | H2: 6.A Keahlian Utama | I2: 7. Pengalaman Profesional dibidang IT | J2: 8. Pengalaman dengan Framework | K2: 1. Konsep framework perencanaan strategis TI terintegrasi yang dikembangkan dalam penelitian ini mudah dipahami. Jenis Pertanyaan: Linear scale (1–5) Skala: 1 = Sangat Tidak Setuju 5 = Sangat Setuju | L2: 2. Tujuan utama framework ini dijelaskan secara jelas dan sesuai dengan kebutuhan perencanaan strategis TI. Jenis Pertanyaan: Linear scale (1–5) Skala: 1 = Sangat Tidak Setuju 5 = Sangat Setuju | M2: 3. Ruang lingkup framework ini sudah tergambar dengan jelas, mencakup strategi SI/TI, enterprise architecture, tata kelola TI, risiko, dan pengukuran kinerja. Jenis Pertanyaan: Linear scale (1–5) Skala: 1 = Sangat Tidak Setuju 5 = Sangat Setuju | N2: 4. Hubungan antara masalah penelitian dan solusi framework yang dikembangkan sudah terlihat jelas. Jenis Pertanyaan: Linear scale (1–5) Skala: 1 = Sangat Tidak Setuju 5 = Sangat Setuju | O2: 5. Framework ini memiliki dasar pemikiran yang logis dalam mengintegrasikan Ward and Peppard, TOGAF, dan COBIT 2019. Jenis Pertanyaan: Linear scale (1–5) Skala: 1 = Sangat Tidak Setuju 5 = Sangat Setuju | P2: 1. Komponen analisis strategis SI/TI dalam framework ini sudah memadai untuk mengidentifikasi kebutuhan organisasi Jenis Pertanyaan: Linear scale (1–5) Skala: 1 = Sangat Tidak Setuju 5 = Sangat Setuju | Q2: 2. Komponen portofolio aplikasi dalam framework ini sudah memadai untuk menentukan prioritas aplikasi masa depan. Jenis Pertanyaan: Linear scale (1–5) Skala: 1 = Sangat Tidak Setuju 5 = Sangat Setuju | R2: 3. Komponen enterprise architecture dalam framework ini sudah mencakup arsitektur bisnis, data, aplikasi, dan teknologi. Jenis Pertanyaan: Linear scale (1–5) Skala: 1 = Sangat Tidak Setuju 5 = Sangat Setuju | S2: 4. Komponen tata kelola TI, capability assessment, risk control, dan performance measurement sudah tercakup dengan baik dalam framework ini. Jenis Pertanyaan: Linear scale (1–5) Skala: 1 = Sangat Tidak Setuju 5 = Sangat Setuju | T2: 5. Secara keseluruhan, komponen framework ini sudah lengkap untuk mendukung penyusunan IT Master Plan dan roadmap transformasi digital. Jenis Pertanyaan: Linear scale (1–5) Skala: 1 = Sangat Tidak Setuju 5 = Sangat Setuju | U2: 1. Integrasi Ward and Peppard, TOGAF, dan COBIT 2019 dalam framework ini sudah sesuai dengan karakteristik masing-masing framework. Jenis Pertanyaan: Linear scale (1–5) Skala: 1 = Sangat Tidak Setuju 5 = Sangat Setuju | V2: 2. Ward and Peppard sudah ditempatkan secara tepat sebagai dasar analisis dan formulasi strategi SI/TI. Jenis Pertanyaan: Linear scale (1–5) Skala: 1 = Sangat Tidak Setuju 5 = Sangat Setuju | W2: 3. TOGAF sudah ditempatkan secara tepat sebagai dasar penyusunan enterprise architecture. Jenis Pertanyaan: Linear scale (1–5) Skala: 1 = Sangat Tidak Setuju 5 = Sangat Setuju | X2: 4. COBIT 2019 sudah ditempatkan secara tepat sebagai dasar tata kelola, capability assessment, risiko, kontrol, dan pengukuran kinerja TI. Jenis Pertanyaan: Linear scale (1–5) Skala: 1 = Sangat Tidak Setuju 5 = Sangat Setuju | Y2: 5. Integrasi ketiga framework dalam model ini saling melengkapi dan tidak menimbulkan tumpang tindih fungsi yang berlebihan. Jenis Pertanyaan: Linear scale (1–5) Skala: 1 = Sangat Tidak Setuju 5 = Sangat Setuju | Z2: 1. Indikator strategic alignment relevan untuk menilai keselarasan antara tujuan organisasi dan strategi TI. Jenis Pertanyaan: Linear scale (1–5) Skala: 1 = Sangat Tidak Setuju 5 = Sangat Setuju | AA2: 2. Indikator IS/IT portfolio planning relevan untuk menilai prioritas aplikasi dan kebutuhan sistem informasi organisasi. Jenis Pertanyaan: Linear scale (1–5) Skala: 1 = Sangat Tidak Setuju 5 = Sangat Setuju | AB2: 3. Indikator enterprise architecture blueprint relevan untuk menilai kelengkapan rancangan arsitektur bisnis, data, aplikasi, dan teknologi. Jenis Pertanyaan: Linear scale (1–5) Skala: 1 = Sangat Tidak Setuju 5 = Sangat Setuju | AC2: 4. Indikator governance objective mapping, capability assessment, risk control, dan performance measurement relevan untuk menilai tata kelola dan kesiapan TI. Jenis Pertanyaan: Linear scale (1–5) Skala: 1 = Sangat Tidak Setuju 5 = Sangat Setuju | AD2: 5. Secara keseluruhan, indikator dalam framework ini sudah sesuai untuk menilai kelayakan framework perencanaan strategis TI terintegrasi. Jenis Pertanyaan: Linear scale (1–5) Skala: 1 = Sangat Tidak Setuju 5 = Sangat Setuju | AE2: 1. Alur framework dimulai dari analisis kebutuhan organisasi secara sistematis dan mudah diikuti. Jenis Pertanyaan: Linear scale (1–5) Skala: 1 = Sangat Tidak Setuju 5 = Sangat Setuju | AF2: 2. Alur framework mampu menghubungkan analisis kebutuhan organisasi dengan formulasi strategi SI/TI. Jenis Pertanyaan: Linear scale (1–5) Skala: 1 = Sangat Tidak Setuju 5 = Sangat Setuju | AG2: 3. Alur framework mampu menghubungkan strategi SI/TI dengan penyusunan portofolio aplikasi dan enterprise architecture. Jenis Pertanyaan: Linear scale (1–5) Skala: 1 = Sangat Tidak Setuju 5 = Sangat Setuju | AH2: 4. Alur framework mampu menghubungkan enterprise architecture dengan tata kelola TI, capability assessment, risk control, dan KPI. Jenis Pertanyaan: Linear scale (1–5) Skala: 1 = Sangat Tidak Setuju 5 = Sangat Setuju | AI2: 5. Setiap tahapan framework memiliki hubungan input, proses, dan output yang jelas. Jenis Pertanyaan: Linear scale (1–5) Skala: 1 = Sangat Tidak Setuju 5 = Sangat Setuju | AJ2: 1. Framework ini berpotensi diterapkan pada organisasi yang membutuhkan perencanaan strategis TI. Jenis Pertanyaan: Linear scale (1–5) Skala: 1 = Sangat Tidak Setuju 5 = Sangat Setuju | AK2: 2. Framework ini dapat digunakan untuk mendukung penyusunan IT Master Plan organisasi. Jenis Pertanyaan: Linear scale (1–5) Skala: 1 = Sangat Tidak Setuju 5 = Sangat Setuju | AL2: 3. Framework ini dapat digunakan untuk mendukung penyusunan roadmap transformasi digital dan blueprint enterprise architecture. Jenis Pertanyaan: Linear scale (1–5) Skala: 1 = Sangat Tidak Setuju 5 = Sangat Setuju | AM2: 4. Framework ini dapat membantu organisasi menentukan prioritas program, proyek, dan investasi TI. Jenis Pertanyaan: Linear scale (1–5) Skala: 1 = Sangat Tidak Setuju 5 = Sangat Setuju | AN2: 5. Framework ini cukup praktis untuk digunakan oleh tim perencana TI, manajemen TI, auditor TI, atau konsultan TI. Jenis Pertanyaan: Linear scale (1–5) Skala: 1 = Sangat Tidak Setuju 5 = Sangat Setuju | AO2: 1. Output berupa strategi SI/TI dalam framework ini sudah jelas dan mudah dipahami. Jenis Pertanyaan: Linear scale (1–5) Skala: 1 = Sangat Tidak Setuju 5 = Sangat Setuju | AP2: 2. Output berupa portofolio aplikasi dan prioritas aplikasi sudah jelas untuk mendukung kebutuhan organisasi. Jenis Pertanyaan: Linear scale (1–5) Skala: 1 = Sangat Tidak Setuju 5 = Sangat Setuju | AQ2: 3. Output berupa blueprint enterprise architecture sudah jelas dan mencakup arsitektur bisnis, data, aplikasi, dan teknologi. Jenis Pertanyaan: Linear scale (1–5) Skala: 1 = Sangat Tidak Setuju 5 = Sangat Setuju | AR2: 4. Output berupa governance objectives, capability level, risk register, control mapping, dan KPI sudah jelas untuk mendukung tata kelola TI. Jenis Pertanyaan: Linear scale (1–5) Skala: 1 = Sangat Tidak Setuju 5 = Sangat Setuju | AS2: 5. Secara keseluruhan, output framework ini dapat digunakan sebagai dasar penyusunan dokumen perencanaan strategis TI organisasi. Jenis Pertanyaan: Linear scale (1–5) Skala: 1 = Sangat Tidak Setuju 5 = Sangat Setuju | AT2: 1. Apakah menurut Anda model Integrasi Perencanaan Strategis TI sudah menggambarkan hubungan logis antara strategi, arsitektur, dan tata kelola TI? | AU2: 2. Komponen mana yang menurut Anda perlu diperbaiki atau disempurnakan? | AV2: 3. Apakah framework ini dapat diterapkan di konteks organisasi Anda? Mengapa? | AW2: 4. Saran tambahan untuk pengembangan model Integrasi Perencanaan Strategis TI di masa mendatang: | AX2: Filter 1 (Rekomendasi sebagai Praktisi & Akademisi) terkait Perencanaan strategis TI | AY2: Fiilter ke 2 , berdasarkan perencanaan strategis TI | AZ2: Rata-2 Faktor A | BA2: Rata-2 Faktor B | BB2: Rata-2 Faktor C | BC2: Rata-2 Faktor D | BD2: Rata-2 Faktor E | BE2: Rata-2 Faktor F | BF2: Rata-2 Faktor G | BG2: Kategori Relevan Faktor A | BH2: Kategori Relevan Faktor B | BI2: Kategori Relevan Faktor C | BJ2: Kategori Relevan Faktor D | BK2: Kategori Relevan Faktor E | BL2: Kategori Relevan Faktor F | BM2: Kategori Relevan Faktor G
K3: COBIT 2019 | AX3: =FALSE() -> FALSE | AZ3: =AVERAGE(K3:O3) -> #DIV/0! | BG3: =IF(AZ3>=4,1,0) -> #DIV/0!
K4: 1 | L4: 2 | M4: 3 | N4: 4 | O4: 5 | P4: 1 | Q4: 2 | R4: 3 | S4: 4 | T4: 5 | U4: 1 | V4: 2 | W4: 3 | X4: 4 | Y4: 5 | Z4: 1 | AA4: 2 | AB4: 3 | AC4: 4 | AD4: 5 | AX4: =FALSE() -> FALSE | AZ4: =AVERAGE(K4:O4) -> 3 | BG4: =IF(AZ4>=4,1,0) -> 0
A5: 46077.401 | B5: Expert 1 | C5: Pria | D5: Akademisi (Guru, Dosen), Konsultan IT, Praktisi IT | E5: 10.Informasi dan Komunikasi | G5: Tata Kelola TI/ IT Governance, Arsitektur Enterprise, Perencanaan Strategis TI, Audit & Manajemen TI, Pengembang Aplikasi | H5: Pakar tata kelola TI atau COBIT | I5: > 20 Tahun | J5: TOGAF, COBIT, ITIL | K5: 5 | L5: 5 | M5: 5 | N5: 5 | O5: 5 | P5: 5 | Q5: 5 | R5: 5 | S5: 5 | T5: 5 | U5: 5 | V5: 5 | W5: 5 | X5: 5 | Y5: 5 | Z5: 5 | AA5: 5 | AB5: 5 | AC5: 5 | AD5: 5 | AE5: 4 | AF5: 5 | AG5: 5 | AH5: 5 | AI5: 5 | AJ5: 5 | AK5: 4 | AL5: 5 | AM5: 5 | AN5: 5 | AO5: 5 | AP5: 5 | AQ5: 4 | AT5: Ya, model Integrasi Perencanaan Strategis TI sudah menunjukkan hubungan logis karena strategi menetapkan arah, arsitektur menerjemahkannya menjadi desain kapabilitas, dan tata kelola memastikan pelaksanaan serta pengendaliannya berjalan selaras dan terukur, sebagaimana selaras dengan prinsip dalam COBIT 2019 dan TOGAF. | AU5: Komponen yang perlu disempurnakan adalah keterlacakan antara strategi, arsitektur, dan tata kelola, serta penguatan mekanisme pengukuran kinerja dan umpan balik agar evaluasi benar-benar mendorong perbaikan strategis, bukan sekadar formalitas laporan. | AV5: Ya, framework ini dapat diterapkan karena membantu menyelaraskan strategi, arsitektur, dan tata kelola TI secara terstruktur serta dapat diadaptasi dengan praktik seperti COBIT 2019 dan ITIL 4 untuk meningkatkan kematangan organisasi secara bertahap. | AW5: Ke depan, model Integrasi Perencanaan Strategis TI perlu dikembangkan dengan menambahkan mekanisme keterlacakan end-to-end dari tujuan strategis hingga indikator kinerja operasional, memperkuat integrasi manajemen risiko dan kepatuhan sejak tahap perancangan arsitektur, serta memasukkan pendekatan adaptif berbasis data dan evaluasi berkelanjutan agar model lebih responsif terhadap perubahan bisnis dan teknologi. | AX5: =TRUE() -> TRUE | AY5: =FALSE() -> FALSE | AZ5: =AVERAGE(K5:O5) -> 5 | BA5: =AVERAGE(P5:T5) -> 5 | BB5: =AVERAGE(U5:Y5) -> 5 | BC5: =AVERAGE(Z5:AD5) -> 5 | BD5: =AVERAGE(AE5:AI5) -> 4.8 | BE5: =AVERAGE(AJ5:AN5) -> 4.8 | BF5: =AVERAGE(AO5:AS5) -> 4.6666667 | BG5: =IF(AZ5>=4,1,0) -> 1 | BH5: =IF(BA5>=4,1,0) -> 1 | BI5: =IF(BB5>=4,1,0) -> 1 | BJ5: =IF(BC5>=4,1,0) -> 1 | BK5: =IF(BD5>=4,1,0) -> 1 | BL5: =IF(BE5>=4,1,0) -> 1 | BM5: =IF(BF5>=4,1,0) -> 1
A6: 46077.402 | B6: Andi Rukmana | C6: Pria | D6: Other : | E6: 15. Administrasi Pemerintahan, Pertahanan, dan Jaminan Sosial Wajib, | F6: 089531825682 | G6: Perencanaan Strategis TI, Audit & Manajemen TI, Infrastructure IT, Cybersecurity, | I6: < 5 Tahun | J6: COBIT | K6: 5 | L6: 5 | M6: 4 | N6: 5 | O6: 4 | P6: 5 | Q6: 5 | R6: 4 | S6: 5 | T6: 4 | U6: 5 | V6: 5 | W6: 4 | X6: 5 | Y6: 5 | Z6: 3 | AA6: 4 | AB6: 4 | AC6: 4 | AD6: 4 | AF6: 5 | AG6: 5 | AH6: 5 | AI6: 5 | AJ6: 5 | AK6: 4 | AL6: 5 | AM6: 5 | AN6: 5 | AO6: 5 | AP6: 5 | AQ6: 4 | AT6: a, model sudah menggambarkan hubungan yang logis dan sistematis. Strategi TI diturunkan dari strategi bisnis (layer perencanaan), kemudian diterjemahkan ke dalam desain arsitektur TI sebagai blueprint implementasi, dan akhirnya dikontrol serta dimonitor melalui tata kelola dan pengukuran kinerja TI. Alur ini menunjukkan keterkaitan yang konsisten antara perencanaan, implementasi, dan evaluasi. Namun, kejelasan mekanisme integrasi antar-layer masih perlu dipertegas dalam bentuk alur proses atau model visual yang lebih operasional. | AU6: Beberapa komponen yang dapat disempurnakan: Mekanisme transisi dari strategi ke arsitektur (agar tidak hanya konseptual tetapi operasional) Penjelasan peran dan tanggung jawab (governance structure) Integrasi manajemen perubahan (change management) Indikator pengukuran keberhasilan integrasi framework Penambahan contoh studi kasus atau template implementasi juga akan meningkatkan kejelasan praktis. | AV6: Framework ini dapat diterapkan, terutama pada organisasi dengan tingkat kematangan TI menengah hingga tinggi. Karena framework mengintegrasikan strategi, arsitektur, dan tata kelola, ia cocok untuk organisasi yang membutuhkan alignment dan kontrol TI yang kuat. Namun, untuk organisasi dengan sumber daya terbatas, implementasi perlu dilakukan secara bertahap (phased approach) agar tidak membebani struktur organisasi. | AW6: Beberapa saran pengembangan: Menyederhanakan model agar lebih mudah diadopsi organisasi skala kecil–menengah Menambahkan panduan implementasi bertahap (roadmap integrasi framework) Mengembangkan alat ukur kesiapan organisasi (IT maturity assessment) Menguji model pada berbagai sektor industri untuk validasi empiris | AX6: =FALSE() -> FALSE | AY6: =TRUE() -> TRUE | AZ6: =AVERAGE(K6:O6) -> 4.6 | BG6: =IF(AZ6>=4,1,0) -> 1
A7: 46077.403 | B7: Winny Purbaratri | C7: Wanita | D7: Akademisi (Guru, Dosen) | E7: 16.Pendidikan | F7: 081219203209 | G7: Tata Kelola TI/ IT Governance, Pengembang Aplikasi | I7: 16-20 Tahun | J7: COBIT, SPBE | K7: 5 | L7: 4 | M7: 5 | N7: 4 | O7: 5 | P7: 4 | Q7: 4 | R7: 4 | S7: 5 | T7: 5 | U7: 5 | V7: 5 | W7: 5 | X7: 5 | Y7: 5 | Z7: 4 | AA7: 4 | AB7: 4 | AC7: 4 | AD7: 4 | AF7: 4 | AG7: 3 | AH7: 4 | AI7: 4 | AJ7: 4 | AK7: 4 | AL7: 4 | AM7: 3 | AN7: 4 | AO7: 4 | AP7: 4 | AQ7: 4 | AT7: Ya, secara konseptual sudah logis. Strategi bisnis diturunkan ke strategi TI, diterjemahkan dalam arsitektur, lalu dikontrol melalui tata kelola. Ini sejalan dengan praktik seperti COBIT yang menekankan alignment dan value delivery. Namun, model perlu memastikan ada mekanisme evaluasi dan feedback. | AU7: Integrasi manajemen risiko dan budaya digital | AV7: Bisa, terutama di organisasi besar atau sektor yang regulatif. Namun perlu disesuaikan dengan skala dan budaya organisasi agar tidak terlalu birokratis. | AW7: Integrasi data & AI governance , Agile governance dan memasukkan aspek sustainability TI. Intinya, modelnya sudah baik, tetapi perlu lebih adaptif, terukur, dan relevan dengan dinamika transformasi digital. | AX7: =FALSE() -> FALSE | AY7: =TRUE() -> TRUE | AZ7: =AVERAGE(K7:O7) -> 4.6 | BG7: =IF(AZ7>=4,1,0) -> 1
A8: 46077.405 | B8: Expert 2 | C8: Pria | D8: Akademisi (Guru, Dosen), Praktisi IT | E8: 10.Informasi dan Komunikasi | G8: Tata Kelola TI/ IT Governance, Audit & Manajemen TI, Cybersecurity | H8: Pakar tata kelola TI atau COBIT | I8: 11-15 Tahun | J8: TOGAF, COBIT, ITIL | K8: 5 | L8: 5 | M8: 5 | N8: 5 | O8: 5 | P8: 5 | Q8: 5 | R8: 5 | S8: 5 | T8: 5 | U8: 5 | V8: 5 | W8: 5 | X8: 5 | Y8: 5 | Z8: 5 | AA8: 5 | AB8: 5 | AC8: 5 | AD8: 5 | AE8: 4 | AF8: 5 | AG8: 4 | AH8: 4 | AI8: 4 | AJ8: 4 | AK8: 4 | AL8: 3 | AM8: 4 | AN8: 4 | AO8: 4 | AP8: 4 | AQ8: 4 | AT8: Secara konseptual: YA, sangat logis, karena: Strategi → menentukan arah Arsitektur → menerjemahkan arah menjadi desain Tata kelola → mengawasi agar desain dijalankan dengan benar Hubungan ini bersifat: Top-down (alignment strategis) Bottom-up (feedback operasional) Continuous improvement | AU8: 1️⃣ Penyelarasan Strategi Bisnis dan Strategi TI 🔎 Masalah Umum: Strategi TI dibuat setelah strategi bisnis selesai, bukan sebagai bagian integral. Tidak ada cascading objective yang terukur. 🔧 Perlu Disempurnakan: Mapping eksplisit antara business objective dan IT objective. Gunakan pendekatan seperti: Balanced Scorecard Strategy Map Alignment model dari Michael Porter (value chain thinking) Tanpa alignment yang jelas, arsitektur dan governance akan kehilangan arah. 2️⃣ Enterprise Architecture sebagai Jembatan Strategi Sering kali arsitektur hanya menjadi dokumentasi teknis. 🔎 Masalah: Tidak berbasis capability Tidak terhubung dengan portfolio investasi Tidak digunakan dalam decision making 🔧 Perlu Disempurnakan: Gunakan capability-based planning Integrasikan arsitektur dengan roadmap transformasi Terapkan prinsip dari The Open Group melalui TOGAF yang menekankan Architecture Vision dan Governance Arsitektur harus menjadi decision framework, bukan sekadar blueprint. 3️⃣ Tata Kelola TI (IT Governance) 🔎 Masalah: Governance terlalu fokus compliance Tidak terhubung dengan value realization Tidak ada pengukuran benefit Framework seperti ISACA melalui COBIT sebenarnya sudah menekankan: Value delivery Risk optimization Resource optimization 🔧 Perlu Disempurnakan: Perjelas decision rights (RACI) Integrasikan risk appetite ke perencanaan Buat KPI governance yang terhubung ke outcome bisnis 4️⃣ Mekanisme Feedback Loop (Yang Paling Sering Hilang) Ini komponen yang paling sering kurang matang. Model integrasi yang baik harus memiliki: Monitoring kinerja Review arsitektur berkala Audit berbasis risiko Continuous improvement Tanpa feedback loop, model hanya berjalan satu arah (top-down), padahal lingkungan TI sangat dinamis. 5️⃣ Manajemen Risiko dan Cybersecurity Integration Banyak model memisahkan risk management dari perencanaan strategis. Padahal: Risk appetite memengaruhi arsitektur Security requirement memengaruhi desain teknologi Compliance memengaruhi governance structure Integrasi dengan risk-based approach sangat penting agar model menjadi resilien. | AV8: 1️⃣ Karakter Organisasi Digital Membutuhkan Alignment Tinggi Organisasi berbasis teknologi memiliki: Ketergantungan tinggi pada infrastruktur TI Siklus inovasi cepat Risiko keamanan dan privasi tinggi Kebutuhan scalability Karena itu, hubungan antara: Strategi → Arsitektur → Tata Kelola menjadi krusial untuk menjaga konsistensi arah dan kontrol. Framework seperti COBIT dari ISACA relevan karena menekankan value delivery dan risk optimization. 2️⃣ Enterprise Architecture sebagai Enabler Transformasi Dalam organisasi teknologi, perubahan produk dan platform sangat cepat. Tanpa arsitektur yang terstruktur (misalnya pendekatan dari The Open Group melalui TOGAF): Sistem menjadi silo Integrasi mahal Technical debt meningkat Karena itu, arsitektur menjadi jembatan strategis yang wajib ada. 3️⃣ Governance untuk Menjaga Kecepatan dan Kontrol Organisasi digital sering menghadapi dilema: Speed vs Control Framework integrasi memungkinkan: Inovasi tetap cepat Risiko tetap terkelola Investasi tetap terarah Tanpa governance yang jelas, transformasi digital justru bisa meningkatkan eksposur risiko. 4️⃣ Namun Perlu Adaptasi Framework ini tidak bisa diterapkan secara “textbook”. Penyesuaian yang biasanya diperlukan: Lebih agile (iterative planning) Integrasi DevSecOps Decision-making lebih desentralistik Continuous performance monitoring Model tradisional yang terlalu birokratis justru akan memperlambat organisasi digital. | AW8: 1️⃣ Integrasi Agile & Adaptive Strategy Model ke depan tidak bisa lagi bersifat linear (5-year static plan). Perlu ditambahkan: Rolling strategy (review kuartalan) Dynamic portfolio management Scenario planning Pendekatan seperti emergent strategy dari Henry Mintzberg dapat melengkapi pendekatan perencanaan formal yang terlalu rigid. 2️⃣ Capability-Based & Value-Driven Planning Model perlu bergeser dari: “Perencanaan proyek TI” Menjadi: “Pengembangan kapabilitas bisnis berbasis digital” Pendekatan Enterprise Architecture dari The Open Group melalui TOGAF bisa diperkuat dengan: Business capability mapping Value stream mapping Benefit realization tracking Fokus bukan pada sistem, tetapi pada outcome bisnis. 3️⃣ Embedded Risk & Cyber Resilience Ke depan, risiko bukan sekadar komponen tambahan. Model perlu: Integrasi risk appetite dalam strategy cascade Cyber resilience by design Continuous control monitoring Framework seperti ISACA melalui COBIT sudah mengarah ke risk optimization, tetapi perlu dipadukan dengan pendekatan resilience dan threat intelligence modern. 4️⃣ Integrasi Data Governance & AI Governance Transformasi digital saat ini berbasis data dan AI. Model masa depan perlu memasukkan: Data ownership clarity Data quality accountability AI ethics & governance layer Responsible AI framework Tanpa ini, strategi TI tidak akan relevan dalam era AI-driven organization. 5️⃣ Sustainability & Green IT Dimension Ke depan, strategi TI harus mempertimbangkan: Energy efficiency Carbon footprint IT infrastructure Sustainable cloud strategy Integrasi ESG (Environmental, Social, Governance) ke dalam model perencanaan strategis TI akan menjadi keharusan. 6️⃣ Real-Time Performance & Feedback Loop Model klasik sering berhenti di tahap perencanaan dan governance formal. Pengembangan ke depan perlu: Real-time KPI dashboard Strategy-to-execution traceability Continuous architecture review Digital twin untuk enterprise model Sehingga hubungan Strategi → Arsitektur → Governance menjadi siklus dinamis, bukan struktur statis. | AX8: =TRUE() -> TRUE | AY8: =FALSE() -> FALSE | AZ8: =AVERAGE(K8:O8) -> 5 | BA8: =AVERAGE(P8:T8) -> 5 | BB8: =AVERAGE(U8:Y8) -> 5 | BC8: =AVERAGE(Z8:AD8) -> 5 | BD8: =AVERAGE(AE8:AI8) -> 4.2 | BE8: =AVERAGE(AJ8:AN8) -> 3.8 | BF8: =AVERAGE(AO8:AS8) -> 4 | BG8: =IF(AZ8>=4,1,0) -> 1 | BH8: =IF(BA8>=4,1,0) -> 1 | BI8: =IF(BB8>=4,1,0) -> 1 | BJ8: =IF(BC8>=4,1,0) -> 1 | BK8: =IF(BD8>=4,1,0) -> 1 | BL8: =IF(BE8>=4,1,0) -> 0 | BM8: =IF(BF8>=4,1,0) -> 1
A9: 46077.406 | B9: Nurasiah | C9: Wanita | D9: Akademisi (Guru, Dosen) | E9: 16.Pendidikan | F9: +62 856-9795-6928 | G9: Perencanaan Strategis TI | I9: 5-10 Tahun | J9: COBIT | K9: 3 | L9: 4 | M9: 4 | N9: 4 | O9: 5 | P9: 4 | Q9: 3 | R9: 5 | S9: 5 | T9: 4 | U9: 4 | V9: 4 | W9: 5 | X9: 5 | Y9: 5 | Z9: 4 | AA9: 4 | AB9: 3 | AC9: 5 | AD9: 5 | AF9: 5 | AG9: 5 | AH9: 5 | AI9: 5 | AJ9: 5 | AK9: 4 | AL9: 5 | AM9: 5 | AN9: 5 | AO9: 5 | AP9: 5 | AQ9: 4 | AT9: sudah sangat menggambarkan hubungan yang logis | AU9: Komponen Manajemen Risiko dan Keamanan Informasi | AV9: bisa diterapkan | AW9: Integrasi dengan Kerangka Kerja Tata Kelola TI Global karena Integrasi ini dapat memperkuat aspek tata kelola, manajemen layanan TI, serta keselarasan arsitektur enterprise dengan strategi organisasi melakukan Pendekatan Berbasis Agile dan Adaptive Strategy | AX9: =FALSE() -> FALSE | AY9: =TRUE() -> TRUE | AZ9: =AVERAGE(K9:O9) -> 4 | BG9: =IF(AZ9>=4,1,0) -> 1
A10: 46077.41 | B10: Agun Guntara | C10: Pria | D10: Akademisi (Guru, Dosen) | E10: 16.Pendidikan | F10: 08987922009 | G10: Arsitektur Enterprise, Perencanaan Strategis TI | I10: 5-10 Tahun | J10: TOGAF | K10: 5 | L10: 4 | M10: 4 | N10: 4 | O10: 4 | P10: 5 | Q10: 5 | R10: 5 | S10: 5 | T10: 4 | U10: 5 | V10: 5 | W10: 4 | X10: 5 | Y10: 5 | Z10: 4 | AA10: 4 | AB10: 5 | AC10: 4 | AD10: 4 | AF10: 2 | AG10: 2 | AH10: 3 | AI10: 3 | AJ10: 4 | AK10: 3 | AL10: 2 | AM10: 2 | AN10: 3 | AO10: 3 | AP10: 4 | AQ10: 3 | AT10: model ini memenuhi kaidah "The Golden Thread" dalam manajemen TI, Model ini berhasil menjembatani gap antara niat strategis pimpinan organisasi dengan realitas teknis di lapangan, sehingga TI tidak lagi menjadi "pulau terpencil", melainkan bagian integral dari pencapaian tujuan organisasi. | AU10: model integrasi ini sudah sangat kuat secara teoretis, namun ada dua area krusial yang perlu disempurnakan agar lebih adaptif dengan realitas industri saat ini: 1. Integrasi Agilitas (Agile & DevOps) 2. Penekanan pada Data-Driven Governance 3. Aspek Manusia dan Budaya (Change Management) | AV10: Dalam konteks perguruan tinggi, framework integrasi ini sangat relevan dan layak diterapkan karena institusi pendidikan merupakan ekosistem yang kompleks dengan beragam kepentingan. | AW10: Saya melihat model Anda sudah memiliki fondasi yang sangat kokoh. Namun, untuk menghadapi lanskap digital 2026 dan seterusnya, berikut adalah tiga saran pengembangan strategis agar model tersebut tetap relevan: 1. Adopsi "Continuous Planning" (Agile Architecture): 2. Integrasi Pilar Artificial Intelligence Governance (AIG): 3. Penyelarasan dengan Keberlanjutan (Green IT): | AX10: =FALSE() -> FALSE | AY10: =TRUE() -> TRUE | AZ10: =AVERAGE(K10:O10) -> 4.2 | BG10: =IF(AZ10>=4,1,0) -> 1
A11: 46077.476 | B11: Andri Firmansyah | C11: Pria | D11: Akademisi (Guru, Dosen) | E11: 16.Pendidikan | F11: 0818731617 | G11: Tata Kelola TI/ IT Governance, Perencanaan Strategis TI, Audit & Manajemen TI, Infrastructure IT | I11: 11-15 Tahun | J11: COBIT, ITIL | K11: 5 | L11: 4 | M11: 4 | N11: 5 | O11: 4 | P11: 4 | Q11: 4 | R11: 4 | S11: 5 | T11: 5 | U11: 4 | V11: 4 | W11: 4 | X11: 4 | Y11: 4 | Z11: 3 | AA11: 3 | AB11: 3 | AC11: 3 | AD11: 3 | AF11: 4 | AG11: 4 | AH11: 4 | AI11: 4 | AJ11: 4 | AK11: 4 | AL11: 4 | AM11: 4 | AN11: 4 | AO11: 4 | AP11: 4 | AQ11: 4 | AT11: Sudah | AU11: Sudah lengkap | AV11: Dapat, karena komponen di framework sudah dapat mengakomodasi bisnis pendidikan | AW11: saat ini belum. | AX11: =FALSE() -> FALSE | AY11: =TRUE() -> TRUE | AZ11: =AVERAGE(K11:O11) -> 4.4 | BG11: =IF(AZ11>=4,1,0) -> 1
A12: 46077.512 | B12: Nurkholis | C12: Pria | D12: Konsultan IT | E12: 19.Aktivitas Jasa Lainnya | F12: 08123352506 | G12: Pengembang Aplikasi | I12: > 20 Tahun | J12: SPBE | K12: 4 | L12: 4 | M12: 3 | N12: 4 | O12: 4 | P12: 3 | Q12: 2 | R12: 3 | S12: 4 | T12: 4 | U12: 3 | V12: 4 | W12: 4 | X12: 4 | Y12: 4 | Z12: 3 | AA12: 3 | AB12: 3 | AC12: 4 | AD12: 4 | AF12: 4 | AG12: 5 | AH12: 4 | AI12: 5 | AJ12: 5 | AK12: 4 | AL12: 4 | AM12: 5 | AN12: 4 | AO12: 5 | AP12: 5 | AQ12: 4 | AT12: Sudah | AU12: Sudah terintegrasi semua | AV12: Iya, karena ini muaranya ke perbaikan tata kelola dan kinerja organisai | AW12: Studi kasus pada UMKM dan perusahaan kecll | AX12: =FALSE() -> FALSE | AY12: =TRUE() -> TRUE | AZ12: =AVERAGE(K12:O12) -> 3.8 | BG12: =IF(AZ12>=4,1,0) -> 0
A13: 46077.539 | B13: Christian | C13: Pria | D13: Konsultan IT | E13: 10.Informasi dan Komunikasi | G13: Tata Kelola TI/ IT Governance | I13: > 20 Tahun | J13: COBIT, ITIL, SPBE | K13: 5 | L13: 5 | M13: 4 | N13: 5 | O13: 5 | P13: 5 | Q13: 4 | R13: 5 | S13: 5 | T13: 4 | U13: 5 | V13: 5 | W13: 5 | X13: 5 | Y13: 5 | Z13: 4 | AA13: 4 | AB13: 4 | AC13: 4 | AD13: 4 | AF13: 5 | AG13: 5 | AH13: 5 | AI13: 5 | AJ13: 5 | AK13: 4 | AL13: 5 | AM13: 5 | AN13: 5 | AO13: 5 | AP13: 5 | AQ13: 4 | AT13: Ya , asalkan dijelaskan secara lengkap | AU13: Arsitektur, harus dapat mudah dibaca | AV13: Tidak, organisasi saya terlalu kecil | AW13: diberikan template, guide dan contoh | AX13: =FALSE() -> FALSE | AY13: =TRUE() -> TRUE | AZ13: =AVERAGE(K13:O13) -> 4.8 | BG13: =IF(AZ13>=4,1,0) -> 1
A14: 46077.545 | B14: Expert 3 | C14: Pria | D14: Konsultan IT | E14: 10.Informasi dan Komunikasi | G14: Tata Kelola TI/ IT Governance, Arsitektur Enterprise, Perencanaan Strategis TI, Audit & Manajemen TI | H14: Pakar perencanaan strategis TI | I14: 11-15 Tahun | J14: TOGAF, Ward & Peppard, COBIT, ITIL, SPBE | K14: 5 | L14: 5 | M14: 4 | N14: 5 | O14: 5 | P14: 5 | Q14: 4 | R14: 5 | S14: 4 | T14: 5 | U14: 5 | V14: 5 | W14: 5 | X14: 5 | Y14: 4 | Z14: 4 | AA14: 5 | AB14: 4 | AC14: 4 | AD14: 4 | AE14: 4 | AF14: 3 | AG14: 5 | AH14: 5 | AI14: 5 | AJ14: 5 | AK14: 4 | AL14: 3 | AM14: 5 | AN14: 5 | AO14: 5 | AP14: 5 | AQ14: 4 | AT14: Sudah | AV14: Dapat diterapkan, karena tingkat flexibilitasnya | AW14: Mungkin perlu dibandingkan juga dengan beberapa framework perencanaan strategis stau EA lainnya (cth. Anita Cassidy dll) | AX14: =TRUE() -> TRUE | AY14: =FALSE() -> FALSE | AZ14: =AVERAGE(K14:O14) -> 4.8 | BA14: =AVERAGE(P14:T14) -> 4.6 | BB14: =AVERAGE(U14:Y14) -> 4.8 | BC14: =AVERAGE(Z14:AD14) -> 4.2 | BD14: =AVERAGE(AE14:AI14) -> 4.4 | BE14: =AVERAGE(AJ14:AN14) -> 4.4 | BF14: =AVERAGE(AO14:AS14) -> 4.6666667 | BG14: =IF(AZ14>=4,1,0) -> 1 | BH14: =IF(BA14>=4,1,0) -> 1 | BI14: =IF(BB14>=4,1,0) -> 1 | BJ14: =IF(BC14>=4,1,0) -> 1 | BK14: =IF(BD14>=4,1,0) -> 1 | BL14: =IF(BE14>=4,1,0) -> 1 | BM14: =IF(BF14>=4,1,0) -> 1
A15: 46077.548 | B15: Expert 4 | C15: Pria | D15: Konsultan IT, Praktisi IT | E15: 10.Informasi dan Komunikasi, 13.Aktivitas Profesional, Ilmiah, dan Teknis, 19.Aktivitas Jasa Lainnya | G15: Arsitektur Enterprise, Audit & Manajemen TI, Pengembang Aplikasi, Infrastructure IT, Cybersecurity | H15: Pakar perencanaan strategis TI | I15: > 20 Tahun | J15: TOGAF, COBIT, ITIL, SPBE | K15: 4 | L15: 4 | M15: 3 | N15: 5 | O15: 4 | P15: 4 | Q15: 4 | R15: 4 | S15: 4 | T15: 4 | U15: 4 | V15: 3 | W15: 4 | X15: 4 | Y15: 4 | Z15: 5 | AA15: 4 | AB15: 4 | AC15: 4 | AD15: 4 | AE15: 4 | AF15: 5 | AG15: 4 | AH15: 4 | AI15: 4 | AJ15: 4 | AK15: 5 | AL15: 3 | AM15: 3 | AN15: 4 | AO15: 4 | AP15: 4 | AQ15: 5 | AT15: Cukup terintegrasi dengan baik | AU15: Tata Kelola dan Bisnis Proses | AV15: Iya , karena bisnis berbasis dengan keptuhan kerja pada struktur organisasi dan standar operasional prosedur pelayanan | AW15: Integrasi harus lebih luas mencakup semua aspek organisasi baik internal maupun external, hal ini terkait pertumbuhan dari beberapa teknologi IT semakin banyak dan mempunyai varian yang berbeda beda. | AX15: =TRUE() -> TRUE | AY15: =FALSE() -> FALSE | AZ15: =AVERAGE(K15:O15) -> 4 | BA15: =AVERAGE(P15:T15) -> 4 | BB15: =AVERAGE(U15:Y15) -> 3.8 | BC15: =AVERAGE(Z15:AD15) -> 4.2 | BD15: =AVERAGE(AE15:AI15) -> 4.2 | BE15: =AVERAGE(AJ15:AN15) -> 3.8 | BF15: =AVERAGE(AO15:AS15) -> 4.3333333 | BG15: =IF(AZ15>=4,1,0) -> 1 | BH15: =IF(BA15>=4,1,0) -> 1 | BI15: =IF(BB15>=4,1,0) -> 0 | BJ15: =IF(BC15>=4,1,0) -> 1 | BK15: =IF(BD15>=4,1,0) -> 1 | BL15: =IF(BE15>=4,1,0) -> 0 | BM15: =IF(BF15>=4,1,0) -> 1
A16: 46077.561 | B16: Expert 5 | C16: Pria | D16: Akademisi (Guru, Dosen), Konsultan IT, Praktisi IT | E16: 13.Aktivitas Profesional, Ilmiah, dan Teknis, 16.Pendidikan | G16: Arsitektur Enterprise, Audit & Manajemen TI, Pengembang Aplikasi, Cybersecurity, Keamanan Sistem Informasi | H16: Pakar enterprise architecture | I16: > 20 Tahun | J16: TOGAF, COBIT, SPBE | K16: 5 | L16: 5 | M16: 5 | N16: 5 | O16: 5 | P16: 5 | Q16: 5 | R16: 5 | S16: 5 | T16: 5 | U16: 5 | V16: 5 | W16: 5 | X16: 5 | Y16: 5 | Z16: 5 | AA16: 5 | AB16: 5 | AC16: 5 | AD16: 5 | AE16: 4 | AF16: 4 | AG16: 4 | AH16: 4 | AI16: 4 | AJ16: 4 | AK16: 4 | AL16: 4 | AM16: 4 | AN16: 3 | AO16: 4 | AP16: 4 | AQ16: 4 | AT16: Menurut saya sudah. | AU16: Integrasinya perlu dilakukan pengujian dan implementasi lebih lanjut. | AV16: Dapat. Karena framework ini mengintegrasikan framework (Ward & Prepart, Togaf dan Cobit 2019) yang sudah umum dan sudah menjadi standar framework yang selama ini telah diimplementasikan. | AW16: Saran tambahan dari saya, lebih ke arah implementasi di beberapa industri, agar dapat dilihat dan dapat dianalisa kesenjangan yang ada sehingga dari sini dapat dilakukan penyempurnaan framework. | AX16: =TRUE() -> TRUE | AY16: =FALSE() -> FALSE | AZ16: =AVERAGE(K16:O16) -> 5 | BA16: =AVERAGE(P16:T16) -> 5 | BB16: =AVERAGE(U16:Y16) -> 5 | BC16: =AVERAGE(Z16:AD16) -> 5 | BD16: =AVERAGE(AE16:AI16) -> 4 | BE16: =AVERAGE(AJ16:AN16) -> 3.8 | BF16: =AVERAGE(AO16:AS16) -> 4 | BG16: =IF(AZ16>=4,1,0) -> 1 | BH16: =IF(BA16>=4,1,0) -> 1 | BI16: =IF(BB16>=4,1,0) -> 1 | BJ16: =IF(BC16>=4,1,0) -> 1 | BK16: =IF(BD16>=4,1,0) -> 1 | BL16: =IF(BE16>=4,1,0) -> 0 | BM16: =IF(BF16>=4,1,0) -> 1
A17: 46077.595 | B17: Expert 6 | C17: Pria | D17: Konsultan IT, Praktisi IT | E17: 10.Informasi dan Komunikasi | G17: Tata Kelola TI/ IT Governance, Arsitektur Enterprise, Perencanaan Strategis TI, Pengembang Aplikasi, Infrastructure IT, Cybersecurity, IT Managed Services | H17: Pakar perencanaan strategis TI | I17: > 20 Tahun | J17: TOGAF, COBIT, ITIL, ITSM, NIST, ISO 27001 | K17: 5 | L17: 5 | M17: 5 | N17: 5 | O17: 5 | P17: 5 | Q17: 5 | R17: 5 | S17: 5 | T17: 5 | U17: 4 | V17: 4 | W17: 4 | X17: 5 | Y17: 4 | Z17: 2 | AA17: 2 | AB17: 3 | AC17: 3 | AD17: 4 | AE17: 4 | AF17: 4 | AG17: 4 | AH17: 5 | AI17: 4 | AJ17: 4 | AK17: 4 | AL17: 3 | AM17: 4 | AN17: 5 | AO17: 4 | AP17: 4 | AQ17: 4 | AT17: Iya | AU17: Tata Kelola | AV17: Belum bisa karena bisnis model berbeda | AW17: Di support oleh tools dan AI yang terintegrasi | AX17: =TRUE() -> TRUE | AY17: =FALSE() -> FALSE | AZ17: =AVERAGE(K17:O17) -> 5 | BA17: =AVERAGE(P17:T17) -> 5 | BB17: =AVERAGE(U17:Y17) -> 4.2 | BC17: =AVERAGE(Z17:AD17) -> 2.8 | BD17: =AVERAGE(AE17:AI17) -> 4.2 | BE17: =AVERAGE(AJ17:AN17) -> 4 | BF17: =AVERAGE(AO17:AS17) -> 4 | BG17: =IF(AZ17>=4,1,0) -> 1 | BH17: =IF(BA17>=4,1,0) -> 1 | BI17: =IF(BB17>=4,1,0) -> 1 | BJ17: =IF(BC17>=4,1,0) -> 0 | BK17: =IF(BD17>=4,1,0) -> 1 | BL17: =IF(BE17>=4,1,0) -> 1 | BM17: =IF(BF17>=4,1,0) -> 1
A18: 46077.602 | B18: Expert 7 | C18: Pria | D18: Praktisi IT | E18: 10.Informasi dan Komunikasi, 11.Aktivitas Keuangan dan Asuransi, | G18: Tata Kelola TI/ IT Governance, Arsitektur Enterprise, Perencanaan Strategis TI, Pengembang Aplikasi, Infrastructure IT, Cybersecurity | H18: Praktisi TI atau manajer TI | I18: > 20 Tahun | J18: TOGAF, Ward & Peppard, COBIT, ITIL, SPBE | K18: 5 | L18: 5 | M18: 5 | N18: 5 | O18: 5 | P18: 4 | Q18: 5 | R18: 4 | S18: 4 | T18: 5 | U18: 5 | V18: 5 | W18: 4 | X18: 5 | Y18: 4 | Z18: 4 | AA18: 4 | AB18: 4 | AC18: 4 | AD18: 4 | AE18: 4 | AF18: 5 | AG18: 5 | AH18: 5 | AI18: 5 | AJ18: 5 | AK18: 4 | AL18: 5 | AM18: 5 | AN18: 5 | AO18: 5 | AP18: 5 | AQ18: 4 | AX18: =TRUE() -> TRUE | AY18: =FALSE() -> FALSE | AZ18: =AVERAGE(K18:O18) -> 5 | BA18: =AVERAGE(P18:T18) -> 4.4 | BB18: =AVERAGE(U18:Y18) -> 4.6 | BC18: =AVERAGE(Z18:AD18) -> 4 | BD18: =AVERAGE(AE18:AI18) -> 4.8 | BE18: =AVERAGE(AJ18:AN18) -> 4.8 | BF18: =AVERAGE(AO18:AS18) -> 4.6666667 | BG18: =IF(AZ18>=4,1,0) -> 1 | BH18: =IF(BA18>=4,1,0) -> 1 | BI18: =IF(BB18>=4,1,0) -> 1 | BJ18: =IF(BC18>=4,1,0) -> 1 | BK18: =IF(BD18>=4,1,0) -> 1 | BL18: =IF(BE18>=4,1,0) -> 1 | BM18: =IF(BF18>=4,1,0) -> 1
A19: 46077.606 | B19: Expert 8 | C19: Pria | D19: Konsultan IT, Praktisi IT | E19: 21.Aktivitas Badan Internasional dan Badan Ekstra Internasional | G19: Tata Kelola TI/ IT Governance, Arsitektur Enterprise, Perencanaan Strategis TI, Audit & Manajemen TI, Pengembang Aplikasi, Infrastructure IT | H19: Pakar enterprise architecture | I19: > 20 Tahun | J19: TOGAF, COBIT, ITIL, SPBE, Zachman Framework, Moscow Framework, dll | K19: 5 | L19: 4 | M19: 4 | N19: 5 | O19: 4 | P19: 4 | Q19: 4 | R19: 4 | S19: 4 | T19: 4 | U19: 5 | V19: 5 | W19: 4 | X19: 5 | Y19: 5 | Z19: 4 | AA19: 5 | AB19: 4 | AC19: 5 | AD19: 5 | AE19: 4 | AF19: 5 | AG19: 5 | AH19: 5 | AI19: 5 | AJ19: 5 | AK19: 5 | AL19: 5 | AM19: 5 | AN19: 5 | AO19: 5 | AP19: 5 | AQ19: 5 | AT19: Sudah, walaupun masih ada komponen lain yang berhubungan dengan visi dan misi sebuah institusi | AU19: Yang perlu di sempurnakan dalam penerapan strategi dalam satu institusi adalah change management | AV19: Tentu ada, karena ini sebagai kompas dan guideline dalam menempuh setiap pentahapan pekerjaan | AW19: Setiap framework memiliki kelebihannya masing-masing harus ada sebuah jembatan yang diperlukan dalam perencanaan strategis tidak hanya di dibidang TI tetapi juga berkolerasi dalam strategis bisnis | AX19: =TRUE() -> TRUE | AY19: =FALSE() -> FALSE | AZ19: =AVERAGE(K19:O19) -> 4.4 | BA19: =AVERAGE(P19:T19) -> 4 | BB19: =AVERAGE(U19:Y19) -> 4.8 | BC19: =AVERAGE(Z19:AD19) -> 4.6 | BD19: =AVERAGE(AE19:AI19) -> 4.8 | BE19: =AVERAGE(AJ19:AN19) -> 5 | BF19: =AVERAGE(AO19:AS19) -> 5 | BG19: =IF(AZ19>=4,1,0) -> 1 | BH19: =IF(BA19>=4,1,0) -> 1 | BI19: =IF(BB19>=4,1,0) -> 1 | BJ19: =IF(BC19>=4,1,0) -> 1 | BK19: =IF(BD19>=4,1,0) -> 1 | BL19: =IF(BE19>=4,1,0) -> 1 | BM19: =IF(BF19>=4,1,0) -> 1
A20: 46077.613 | B20: Expert 9 | C20: Pria | D20: Akademisi (Guru, Dosen) | E20: 3.Industri Pengolahan, 7.Perdagangan Besar & Eceran; Reparasi dan Perawatan Mobil dan Sepeda Motor, 9.Penyediaan Akomodasi dan Makanan & Minuman | G20: Tata Kelola TI/ IT Governance, Arsitektur Enterprise, Perencanaan Strategis TI, Audit & Manajemen TI, Pengembang Aplikasi, Cybersecurity | H20: Akademisi sistem informasi | I20: 16-20 Tahun | J20: TOGAF, COBIT, ITIL, SPBE | K20: 5 | L20: 5 | M20: 5 | N20: 5 | O20: 5 | P20: 5 | Q20: 5 | R20: 5 | S20: 5 | T20: 5 | U20: 5 | V20: 5 | W20: 5 | X20: 5 | Y20: 5 | Z20: 5 | AA20: 5 | AB20: 5 | AC20: 5 | AD20: 5 | AE20: 4 | AF20: 4 | AG20: 4 | AH20: 4 | AI20: 4 | AJ20: 4 | AK20: 4 | AL20: 4 | AM20: 4 | AN20: 4 | AO20: 4 | AP20: 4 | AQ20: 4 | AT20: Ya | AU20: Keamanan Informasi (Cybersecurity) | AV20: Dapat diterapkan | AW20: Penyelarasan dengan AI (Artificial | AX20: =TRUE() -> TRUE | AY20: =FALSE() -> FALSE | AZ20: =AVERAGE(K20:O20) -> 5 | BA20: =AVERAGE(P20:T20) -> 5 | BB20: =AVERAGE(U20:Y20) -> 5 | BC20: =AVERAGE(Z20:AD20) -> 5 | BD20: =AVERAGE(AE20:AI20) -> 4 | BE20: =AVERAGE(AJ20:AN20) -> 4 | BF20: =AVERAGE(AO20:AS20) -> 4 | BG20: =IF(AZ20>=4,1,0) -> 1 | BH20: =IF(BA20>=4,1,0) -> 1 | BI20: =IF(BB20>=4,1,0) -> 1 | BJ20: =IF(BC20>=4,1,0) -> 1 | BK20: =IF(BD20>=4,1,0) -> 1 | BL20: =IF(BE20>=4,1,0) -> 1 | BM20: =IF(BF20>=4,1,0) -> 1
A21: 46077.709 | B21: Expert 10 | C21: Pria | D21: Akademisi (Guru, Dosen) | E21: 16.Pendidikan | G21: Perencanaan Strategis TI, Cybersecurity | H21: Praktisi TI atau manajer TI | I21: > 20 Tahun | J21: TOGAF, Ward & Peppard, COBIT | K21: 5 | L21: 5 | M21: 5 | N21: 5 | O21: 5 | P21: 5 | Q21: 4 | R21: 5 | S21: 5 | T21: 5 | U21: 5 | V21: 5 | W21: 5 | X21: 5 | Y21: 5 | Z21: 3 | AA21: 5 | AB21: 5 | AC21: 5 | AD21: 5 | AE21: 4 | AF21: 4 | AG21: 4 | AH21: 5 | AI21: 5 | AJ21: 5 | AK21: 4 | AL21: 4 | AM21: 4 | AN21: 5 | AO21: 5 | AP21: 5 | AQ21: 5 | AR21: 5 | AS21: 5 | AT21: Ya | AU21: Tata kelola TI | AV21: Ya, karena sesuai dengan kebutuhan organisasi saya. | AW21: Sustainability integration | AX21: =TRUE() -> TRUE | AY21: =FALSE() -> FALSE | AZ21: =AVERAGE(K21:O21) -> 5 | BA21: =AVERAGE(P21:T21) -> 4.8 | BB21: =AVERAGE(U21:Y21) -> 5 | BC21: =AVERAGE(Z21:AD21) -> 4.6 | BD21: =AVERAGE(AE21:AI21) -> 4.4 | BE21: =AVERAGE(AJ21:AN21) -> 4.4 | BF21: =AVERAGE(AO21:AS21) -> 5 | BG21: =IF(AZ21>=4,1,0) -> 1 | BH21: =IF(BA21>=4,1,0) -> 1 | BI21: =IF(BB21>=4,1,0) -> 1 | BJ21: =IF(BC21>=4,1,0) -> 1 | BK21: =IF(BD21>=4,1,0) -> 1 | BL21: =IF(BE21>=4,1,0) -> 1 | BM21: =IF(BF21>=4,1,0) -> 1
A22: 46078.202 | B22: Expert 11 | C22: Pria | D22: Akademisi (Guru, Dosen) | E22: 10.Informasi dan Komunikasi, 16.Pendidikan | G22: Tata Kelola TI/ IT Governance, Arsitektur Enterprise, Perencanaan Strategis TI | H22: Pakar enterprise architecture | I22: > 20 Tahun | J22: TOGAF, COBIT, SPBE | K22: 4 | L22: 4 | M22: 4 | N22: 4 | O22: 4 | P22: 4 | Q22: 4 | R22: 4 | S22: 4 | T22: 4 | U22: 2 | V22: 4 | W22: 4 | X22: 4 | Y22: 4 | Z22: 4 | AA22: 5 | AB22: 4 | AC22: 4 | AD22: 4 | AE22: 5 | AF22: 5 | AG22: 5 | AH22: 5 | AI22: 5 | AJ22: 5 | AK22: 4 | AL22: 5 | AM22: 5 | AN22: 5 | AO22: 5 | AP22: 5 | AQ22: 5 | AR22: 5 | AS22: 5 | AT22: ya | AU22: pemetaan arsitektur as-is yang relevan | AV22: pada dasarnya penerapan framework ini bergantung pada pemahaman para pimpinan (leader) | AW22: pemetaan arsitektur as is yang transparan sehingga dapat menghasilkan perencanaan yang lebih akurat dalam pelaksanaan | AX22: =TRUE() -> TRUE | AY22: =FALSE() -> FALSE | AZ22: =AVERAGE(K22:O22) -> 4 | BA22: =AVERAGE(P22:T22) -> 4 | BB22: =AVERAGE(U22:Y22) -> 3.6 | BC22: =AVERAGE(Z22:AD22) -> 4.2 | BD22: =AVERAGE(AE22:AI22) -> 5 | BE22: =AVERAGE(AJ22:AN22) -> 4.8 | BF22: =AVERAGE(AO22:AS22) -> 5 | BG22: =IF(AZ22>=4,1,0) -> 1 | BH22: =IF(BA22>=4,1,0) -> 1 | BI22: =IF(BB22>=4,1,0) -> 0 | BJ22: =IF(BC22>=4,1,0) -> 1 | BK22: =IF(BD22>=4,1,0) -> 1 | BL22: =IF(BE22>=4,1,0) -> 1 | BM22: =IF(BF22>=4,1,0) -> 1
A23: 46078.314 | B23: Expert 12 | C23: Pria | D23: Praktisi IT | E23: 2. Pertambangan dan Penggalian | G23: Perencanaan Strategis TI, Audit & Manajemen TI, Pengembang Aplikasi | H23: Praktisi TI atau manajer TI | I23: 11-15 Tahun | J23: TOGAF, COBIT, ITIL | K23: 4 | L23: 4 | M23: 4 | N23: 4 | O23: 4 | P23: 4 | Q23: 4 | R23: 4 | S23: 4 | T23: 5 | U23: 5 | V23: 5 | W23: 5 | X23: 4 | Y23: 4 | Z23: 4 | AA23: 4 | AB23: 4 | AC23: 4 | AD23: 4 | AE23: 4 | AF23: 4 | AG23: 4 | AH23: 4 | AI23: 4 | AJ23: 4 | AK23: 4 | AL23: 4 | AM23: 4 | AN23: 3 | AO23: 4 | AP23: 4 | AQ23: 4 | AR23: 4 | AS23: 4 | AT23: Ya, model tersebut pada prinsipnya sudah menggambarkan hubungan yang logis dan berurutan. Strategi TI menjadi arah (why), arsitektur TI menjadi desain implementatif (what & how), dan tata kelola TI memastikan pengendalian, kepatuhan, serta pencapaian nilai (control & assurance). Jika dirancang dengan baik, ketiganya membentuk siklus yang saling menguatkan dan terintegrasi. | AU23: Keterkaitan KPI dan value realization, agar lebih terukur kontribusinya terhadap kinerja bisnis. Manajemen risiko dan keamanan informasi, agar terintegrasi eksplisit dalam arsitektur dan governance. Mekanisme feedback loop, untuk memastikan evaluasi berkala dan continuous improvement. Change management & people aspect, karena transformasi TI sangat bergantung pada kesiapan organisasi. | AV23: Ya, dapat diterapkan. Dalam konteks organisasi yang kompleks dan teregulasi, integrasi antara strategi, arsitektur, dan tata kelola sangat penting untuk menjaga alignment dengan tujuan korporasi, memastikan kepatuhan regulasi, serta mengoptimalkan investasi TI. Model ini juga relevan untuk meningkatkan maturity tata kelola TI secara bertahap dan terstruktur. | AW23: Mengintegrasikan pendekatan berbasis value (value-based IT management). Memasukkan elemen digital capability dan data governance secara eksplisit. Menambahkan indikator maturity level sebagai alat ukur perkembangan. Menyesuaikan model agar adaptif terhadap dinamika teknologi seperti AI, cloud, dan cybersecurity risk. | AX23: =TRUE() -> TRUE | AY23: =FALSE() -> FALSE | AZ23: =AVERAGE(K23:O23) -> 4 | BA23: =AVERAGE(P23:T23) -> 4.2 | BB23: =AVERAGE(U23:Y23) -> 4.6 | BC23: =AVERAGE(Z23:AD23) -> 4 | BD23: =AVERAGE(AE23:AI23) -> 4 | BE23: =AVERAGE(AJ23:AN23) -> 3.8 | BF23: =AVERAGE(AO23:AS23) -> 4 | BG23: =IF(AZ23>=4,1,0) -> 1 | BH23: =IF(BA23>=4,1,0) -> 1 | BI23: =IF(BB23>=4,1,0) -> 1 | BJ23: =IF(BC23>=4,1,0) -> 1 | BK23: =IF(BD23>=4,1,0) -> 1 | BL23: =IF(BE23>=4,1,0) -> 0 | BM23: =IF(BF23>=4,1,0) -> 1
A24: 46078.327 | B24: Bayu Wirayuda | C24: Pria | D24: Praktisi IT | E24: 8.Pengangkutan dan Pergudangan, 19.Aktivitas Jasa Lainnya | F24: 085888173222 | G24: Infrastructure IT, Cybersecurity | I24: 5-10 Tahun | J24: COBIT, ITIL | K24: 5 | L24: 5 | M24: 4 | N24: 5 | O24: 5 | P24: 4 | Q24: 4 | R24: 4 | S24: 5 | T24: 4 | U24: 5 | V24: 5 | W24: 5 | X24: 4 | Y24: 5 | Z24: 5 | AA24: 5 | AB24: 4 | AC24: 5 | AD24: 5 | AF24: 3 | AG24: 4 | AH24: 5 | AI24: 4 | AJ24: 4 | AK24: 4 | AL24: 5 | AM24: 5 | AN24: 5 | AO24: 5 | AP24: 5 | AQ24: 5 | AR24: 5 | AS24: 5 | AT24: Menurut pandangan saya, model Integrasi Perencanaan Strategis TI telah mampu merepresentasikan keterkaitan yang logis antara strategi, arsitektur, dan tata kelola TI, selama model tersebut dirancang secara bertahap, terstruktur, serta memiliki keterhubungan yang jelas baik secara vertikal (top-down) maupun secara horizontal melalui penyelarasan lintas fungsi. | AU24: Apabila meninjau model Integrasi Perencanaan Strategis TI secara umum, terdapat beberapa komponen yang umumnya masih perlu diperbaiki atau disempurnakan agar keterkaitan antara strategi, arsitektur, dan tata kelola TI dapat berjalan secara lebih optimal dan efektif. | AV24: Pada dasarnya, framework Integrasi Perencanaan Strategis TI dapat diimplementasikan dalam lingkungan organisasi, khususnya pada organisasi yang memiliki proses bisnis yang kompleks, beragam aplikasi, serta tuntutan tata kelola TI yang kuat dan terstruktur. Alasannya : 1. Mendukung Alignment Bisnis dan TI 2. Memberikan Struktur yang Sistematis 3. Meningkatkan Pengendalian Risiko dan Investasi 4. Cocok untuk Organisasi yang Sedang Transformasi Digital | AW24: saran tambahan untuk pengembangan model Integrasi Perencanaan Strategis TI di masa mendatang agar lebih adaptif, terukur, dan relevan dengan dinamika bisnis: 1. Integrasi Digital Strategy dan Business Agility 2. Penguatan Data-Driven Governance 3. Integrasi Manajemen Risiko Siber 4. Penyesuaian dengan Arsitektur Hybrid (Cloud & On-Premise) 5. Penguatan Change Management & People Aspect 6. Continuous Improvement Framework | AX24: =FALSE() -> FALSE | AY24: =TRUE() -> TRUE | AZ24: =AVERAGE(K24:O24) -> 4.8 | BG24: =IF(AZ24>=4,1,0) -> 1
A25: 46078.364 | B25: Shofwan Hanief | C25: Pria | D25: Akademisi (Guru, Dosen) | E25: 16.Pendidikan | F25: 081239555799 | G25: Audit & Manajemen TI | I25: 5-10 Tahun | J25: COBIT, ITIL, SPBE | K25: 3 | L25: 4 | M25: 4 | N25: 4 | O25: 4 | P25: 4 | Q25: 4 | R25: 4 | S25: 5 | T25: 5 | U25: 4 | V25: 4 | W25: 5 | X25: 4 | Y25: 5 | Z25: 3 | AA25: 4 | AB25: 4 | AC25: 4 | AD25: 4 | AF25: 5 | AG25: 5 | AH25: 5 | AI25: 5 | AJ25: 5 | AK25: 4 | AL25: 4 | AM25: 4 | AN25: 4 | AO25: 4 | AP25: 4 | AQ25: 4 | AR25: 4 | AS25: 4 | AT25: Sudah dapat memotret | AU25: Service quality | AV25: Dapat, karena flexible disesuaikan dengan kebutuhan dan tujuan organisasi dalam mengelola TI | AW25: Berbasis komputerisasi agar proses tata kelola dan evaluasi dapat terlihat perjalanannya dari tahun ke tahun | AX25: =FALSE() -> FALSE | AY25: =TRUE() -> TRUE | AZ25: =AVERAGE(K25:O25) -> 3.8 | BG25: =IF(AZ25>=4,1,0) -> 0
A26: 46078.408 | B26: Expert 13 | C26: Pria | D26: Konsultan IT | E26: 10.Informasi dan Komunikasi | G26: Tata Kelola TI/ IT Governance, Audit & Manajemen TI, Pengembang Aplikasi | H26: Pakar perencanaan strategis TI | I26: < 5 Tahun | J26: TOGAF, COBIT, ITIL, SPBE | K26: 5 | L26: 5 | M26: 5 | N26: 5 | O26: 5 | P26: 4 | Q26: 4 | R26: 4 | S26: 4 | T26: 4 | U26: 4 | V26: 4 | W26: 4 | X26: 4 | Y26: 4 | Z26: 3 | AA26: 4 | AB26: 5 | AC26: 4 | AD26: 4 | AE26: 4 | AF26: 5 | AG26: 5 | AH26: 5 | AI26: 5 | AJ26: 5 | AK26: 5 | AL26: 4 | AM26: 4 | AN26: 5 | AO26: 5 | AP26: 5 | AQ26: 5 | AR26: 5 | AS26: 5 | AT26: Model integrasi sudah menggambarkan hubungan logis yang jelas antara strategi, arsitektur, dan tata kelola TI, dimana strategi TI (Ward & Peppard) menjadi dasar dalam perancangan arsitektur (TOGAF), dan selanjutnya dikendalikan serta dimonitor melalui tata kelola TI (COBIT 2019). Hubungan ini menunjukkan alur yang terstruktur dari perencanaan hingga implementasi dan pengendalian. | AU26: Komponen yang perlu disempurnakan adalah: Mekanisme integrasi antar framework (mapping yang lebih detail antar artefak) Penyesuaian terhadap tingkat kematangan organisasi (maturity level) Penyederhanaan implementasi agar lebih praktis dan tidak terlalu kompleks Penambahan aspek agile/adaptability untuk mendukung perubahan bisnis yang cepat | AV26: Framework ini dapat diterapkan di organisasi karena mampu mengintegrasikan aspek strategi, arsitektur, dan tata kelola TI secara menyeluruh. Selain itu, framework ini mendukung kebutuhan organisasi dalam hal alignment bisnis dan TI, pengelolaan risiko, serta penyusunan roadmap TI yang terstruktur. Namun, implementasinya perlu disesuaikan dengan tingkat kematangan dan kompleksitas organisasi. | AW26: Saran pengembangan ke depan: Menambahkan panduan implementasi praktis (guideline step-by-step) Mengintegrasikan pendekatan agile dan DevOps untuk meningkatkan adaptabilitas Menyediakan template artefak (roadmap, blueprint, KPI, risk register) Menyesuaikan model dengan berbagai level organisasi (kecil, menengah, besar) Mengintegrasikan dengan standar lain seperti ISO 27001 untuk penguatan aspek keamanan | AX26: =TRUE() -> TRUE | AY26: =FALSE() -> FALSE | AZ26: =AVERAGE(K26:O26) -> 5 | BA26: =AVERAGE(P26:T26) -> 4 | BB26: =AVERAGE(U26:Y26) -> 4 | BC26: =AVERAGE(Z26:AD26) -> 4 | BD26: =AVERAGE(AE26:AI26) -> 4.8 | BE26: =AVERAGE(AJ26:AN26) -> 4.6 | BF26: =AVERAGE(AO26:AS26) -> 5 | BG26: =IF(AZ26>=4,1,0) -> 1 | BH26: =IF(BA26>=4,1,0) -> 1 | BI26: =IF(BB26>=4,1,0) -> 1 | BJ26: =IF(BC26>=4,1,0) -> 1 | BK26: =IF(BD26>=4,1,0) -> 1 | BL26: =IF(BE26>=4,1,0) -> 1 | BM26: =IF(BF26>=4,1,0) -> 1
A27: 46078.44 | B27: Expert 14 | C27: Pria | D27: Konsultan IT | E27: 10.Informasi dan Komunikasi | G27: Tata Kelola TI/ IT Governance, Perencanaan Strategis TI | H27: Pakar enterprise architecture | I27: > 20 Tahun | J27: TOGAF, COBIT, ITIL | K27: 5 | L27: 5 | M27: 5 | N27: 5 | O27: 5 | P27: 5 | Q27: 4 | R27: 5 | S27: 5 | T27: 5 | U27: 5 | V27: 5 | W27: 5 | X27: 5 | Y27: 5 | Z27: 5 | AA27: 5 | AB27: 5 | AC27: 5 | AD27: 5 | AE27: 4 | AF27: 4 | AG27: 4 | AH27: 4 | AI27: 4 | AJ27: 4 | AK27: 4 | AL27: 4 | AM27: 4 | AN27: 4 | AO27: 4 | AP27: 4 | AQ27: 4 | AR27: 4 | AS27: 5 | AT27: Scara konseptual, model integrasi strategi-arsitektur-tata kelola sdh logis jk mengikuti alur : strategi bisnis & SI/TI (dari Ward n Peppard) -> penerjemahan ke enterprise architectur (togaf) -> pengendalian evaluasi kinerja (cobit). Rantai ini scara teori sdh tepat dan saling melengkapi. Nah. Karena masih highlevel, model cenderung linear…idealnya di+ mekanisme feedback dari governance (monitoring , evaluation) kembali ke level strategi agar lbh adaptif n dinamis | AU27: Komponen mekanisme translasi strategi ke arsitektur, agar tdk hanya konseptual tp jelas bagaimana portofolio strategis diterjemahkan menjd roadmap araitektur. Lalu perlu jg di+ aspek value realization dan feedback loop kinerja (cobit mea) ke strategic layer jd modelnya tidak ganya alignment-oriented tp outcome dan value driven | AV27: Bisa donk, karena menbantu menjaga alignment bisnis TI, konsisten arsitektur dan akuntabilitas serta kesiapan audit. Namun hati2 implementasinya harus disesuaikan dgn skala dan dinamika perusahaan. | AW27: Kedepan, modelnya perlu memasukkan perspektif transformasi digital (maturity digital n innovation governance). Juga perlu ditekankan alignment yg bersifat dinamis, lalu masukkan jg dimensi leadership, culture. | AX27: =TRUE() -> TRUE | AY27: =FALSE() -> FALSE | AZ27: =AVERAGE(K27:O27) -> 5 | BA27: =AVERAGE(P27:T27) -> 4.8 | BB27: =AVERAGE(U27:Y27) -> 5 | BC27: =AVERAGE(Z27:AD27) -> 5 | BD27: =AVERAGE(AE27:AI27) -> 4 | BE27: =AVERAGE(AJ27:AN27) -> 4 | BF27: =AVERAGE(AO27:AS27) -> 4.2 | BG27: =IF(AZ27>=4,1,0) -> 1 | BH27: =IF(BA27>=4,1,0) -> 1 | BI27: =IF(BB27>=4,1,0) -> 1 | BJ27: =IF(BC27>=4,1,0) -> 1 | BK27: =IF(BD27>=4,1,0) -> 1 | BL27: =IF(BE27>=4,1,0) -> 1 | BM27: =IF(BF27>=4,1,0) -> 1
A28: 46078.914 | B28: Expert 15 | C28: Pria | D28: Konsultan IT | E28: 10.Informasi dan Komunikasi | G28: Tata Kelola TI/ IT Governance, Arsitektur Enterprise | H28: Pakar enterprise architecture | I28: > 20 Tahun | J28: TOGAF, Ward & Peppard, COBIT, ITIL, SPBE, FEAF, ZACHMAN dll | K28: 5 | L28: 5 | M28: 5 | N28: 3 | O28: 4 | P28: 4 | Q28: 4 | R28: 4 | S28: 4 | T28: 4 | U28: 5 | V28: 5 | W28: 5 | X28: 5 | Y28: 5 | Z28: 5 | AA28: 5 | AB28: 5 | AC28: 5 | AD28: 5 | AE28: 5 | AF28: 4 | AG28: 4 | AH28: 5 | AI28: 5 | AJ28: 5 | AK28: 4 | AL28: 4 | AM28: 4 | AN28: 5 | AO28: 5 | AP28: 5 | AQ28: 5 | AR28: 5 | AS28: 5 | AT28: sudah pasti | AU28: tidak ada | AV28: dapat - masing-masing memiliki kelebihan dan kelemahan masing-masing | AW28: ----- | AX28: =TRUE() -> TRUE | AY28: =FALSE() -> FALSE | AZ28: =AVERAGE(K28:O28) -> 4.4 | BA28: =AVERAGE(P28:T28) -> 4 | BB28: =AVERAGE(U28:Y28) -> 5 | BC28: =AVERAGE(Z28:AD28) -> 5 | BD28: =AVERAGE(AE28:AI28) -> 4.6 | BE28: =AVERAGE(AJ28:AN28) -> 4.4 | BF28: =AVERAGE(AO28:AS28) -> 5 | BG28: =IF(AZ28>=4,1,0) -> 1 | BH28: =IF(BA28>=4,1,0) -> 1 | BI28: =IF(BB28>=4,1,0) -> 1 | BJ28: =IF(BC28>=4,1,0) -> 1 | BK28: =IF(BD28>=4,1,0) -> 1 | BL28: =IF(BE28>=4,1,0) -> 1 | BM28: =IF(BF28>=4,1,0) -> 1
A29: 46079.55 | B29: John Saimara | C29: Pria | D29: Praktisi IT | E29: 7.Perdagangan Besar & Eceran; Reparasi dan Perawatan Mobil dan Sepeda Motor | F29: 0811171135 | G29: Perencanaan Strategis TI | I29: > 20 Tahun | J29: COBIT | K29: 4 | L29: 4 | M29: 3 | N29: 3 | O29: 3 | P29: 3 | Q29: 3 | R29: 3 | S29: 3 | T29: 3 | U29: 3 | V29: 3 | W29: 3 | X29: 4 | Y29: 3 | Z29: 3 | AA29: 3 | AB29: 3 | AC29: 2 | AD29: 3 | AF29: 5 | AG29: 5 | AH29: 5 | AI29: 5 | AJ29: 5 | AK29: 4 | AL29: 5 | AM29: 5 | AN29: 5 | AO29: 5 | AP29: 5 | AS29: 4 | AT29: Ya, tapi memang perlu pemahaman yg lebih mendalam dahulu spy bisa melihat benang merahnya | AU29: Sudah baik, hanya pemahaman kita atas dasar teori tsb yg membuat kita kurang memahami konektivitasnya. Pengalaman di dunia IT sangat mempengaruhi implementasinya | AV29: Bisa saja, fokus pada solusi, fungsi dan kesesuaian dengan kondisi diskusi perusahaan. IT menyediakan banyak alternatif teknologi dan tools spy strategi IT bisa diimplementasikan. | AW29: Implementasinya tidak mudah tapi bukan berarti tidak bisa dijalankan. | AX29: =FALSE() -> FALSE | AY29: =TRUE() -> TRUE | AZ29: =AVERAGE(K29:O29) -> 3.4 | BG29: =IF(AZ29>=4,1,0) -> 0
A30: 46079.737 | B30: Expert 16 | C30: Pria | D30: Konsultan IT | E30: 10.Informasi dan Komunikasi | G30: Tata Kelola TI/ IT Governance, Perencanaan Strategis TI, Audit & Manajemen TI | H30: Pakar perencanaan strategis TI | I30: > 20 Tahun | J30: TOGAF, COBIT, ITIL | K30: 5 | L30: 5 | M30: 5 | N30: 5 | O30: 5 | P30: 4 | Q30: 4 | R30: 5 | S30: 4 | T30: 5 | U30: 5 | V30: 5 | W30: 4 | X30: 4 | Y30: 4 | Z30: 4 | AA30: 4 | AB30: 4 | AC30: 4 | AD30: 4 | AE30: 4 | AF30: 4 | AG30: 4 | AH30: 4 | AI30: 4 | AJ30: 4 | AK30: 4 | AL30: 4 | AM30: 4 | AN30: 4 | AO30: 4 | AP30: 4 | AQ30: 4 | AR30: 4 | AS30: 5 | AT30: perlu dikombinasikan dengan kerangka kerja lain. | AU30: sisi implementasi Ward & Peppard dengan menambahkan dimensi arsitektur teknis dan kontrol tata kelola | AV30: bisa karena keselarasan antara misi strategis dan investasi sesuai kondisi BUMN dan Bank | AW30: menciptakan model Perencanaan Strategis TI (PSTI) yang lebih tangguh dan relevan bagi organisasi modern (terutama Bank dan BUMN) | AX30: =TRUE() -> TRUE | AY30: =FALSE() -> FALSE | AZ30: =AVERAGE(K30:O30) -> 5 | BA30: =AVERAGE(P30:T30) -> 4.4 | BB30: =AVERAGE(U30:Y30) -> 4.4 | BC30: =AVERAGE(Z30:AD30) -> 4 | BD30: =AVERAGE(AE30:AI30) -> 4 | BE30: =AVERAGE(AJ30:AN30) -> 4 | BF30: =AVERAGE(AO30:AS30) -> 4.2 | BG30: =IF(AZ30>=4,1,0) -> 1 | BH30: =IF(BA30>=4,1,0) -> 1 | BI30: =IF(BB30>=4,1,0) -> 1 | BJ30: =IF(BC30>=4,1,0) -> 1 | BK30: =IF(BD30>=4,1,0) -> 1 | BL30: =IF(BE30>=4,1,0) -> 1 | BM30: =IF(BF30>=4,1,0) -> 1
A31: 46081.161 | B31: Expert 17 | C31: Pria | D31: Konsultan IT | E31: 13.Aktivitas Profesional, Ilmiah, dan Teknis | G31: Tata Kelola TI/ IT Governance, Arsitektur Enterprise, Perencanaan Strategis TI, Audit & Manajemen TI | H31: Pakar tata kelola TI atau COBIT | I31: 16-20 Tahun | J31: TOGAF, Ward & Peppard, COBIT, ITIL, SPBE, ISO 20000, ISO 27001, ISO 27701, DAMA DMBOK | K31: 5 | L31: 5 | M31: 3 | N31: 5 | O31: 5 | P31: 4 | Q31: 4 | R31: 5 | S31: 5 | T31: 5 | U31: 5 | V31: 5 | W31: 5 | X31: 5 | Y31: 5 | Z31: 4 | AA31: 4 | AB31: 5 | AC31: 5 | AD31: 5 | AE31: 4 | AF31: 4 | AG31: 4 | AH31: 5 | AI31: 5 | AJ31: 5 | AK31: 4 | AL31: 4 | AM31: 5 | AN31: 5 | AO31: 5 | AP31: 4 | AQ31: 5 | AR31: 5 | AS31: 4 | AT31: Ya | AV31: Ya | AW31: ditambahkan dengan NIST dan CIS agar lebih adaptif dalam kesiapan cyber security defense, khususnya dalam penerapan digitalisasi | AX31: =TRUE() -> TRUE | AY31: =FALSE() -> FALSE | AZ31: =AVERAGE(K31:O31) -> 4.6 | BA31: =AVERAGE(P31:T31) -> 4.6 | BB31: =AVERAGE(U31:Y31) -> 5 | BC31: =AVERAGE(Z31:AD31) -> 4.6 | BD31: =AVERAGE(AE31:AI31) -> 4.4 | BE31: =AVERAGE(AJ31:AN31) -> 4.6 | BF31: =AVERAGE(AO31:AS31) -> 4.6 | BG31: =IF(AZ31>=4,1,0) -> 1 | BH31: =IF(BA31>=4,1,0) -> 1 | BI31: =IF(BB31>=4,1,0) -> 1 | BJ31: =IF(BC31>=4,1,0) -> 1 | BK31: =IF(BD31>=4,1,0) -> 1 | BL31: =IF(BE31>=4,1,0) -> 1 | BM31: =IF(BF31>=4,1,0) -> 1
A32: 46081.171 | B32: Expert 1 8 | C32: Pria | D32: Konsultan IT | E32: 21.Aktivitas Badan Internasional dan Badan Ekstra Internasional | G32: Tata Kelola TI/ IT Governance | H32: Praktisi TI atau manajer TI | I32: 11-15 Tahun | J32: Ward & Peppard, COBIT, ITIL, SPBE | K32: 5 | L32: 5 | M32: 5 | N32: 5 | O32: 5 | P32: 5 | Q32: 5 | R32: 5 | S32: 5 | T32: 5 | U32: 5 | V32: 5 | W32: 5 | X32: 5 | Y32: 5 | Z32: 5 | AA32: 5 | AB32: 5 | AC32: 5 | AD32: 5 | AE32: 4 | AF32: 5 | AG32: 5 | AH32: 5 | AI32: 5 | AJ32: 5 | AK32: 5 | AL32: 5 | AM32: 5 | AN32: 5 | AO32: 5 | AP32: 4 | AQ32: 5 | AR32: 5 | AS32: 5 | AT32: Menurut saya, model Integrasi Perencanaan Strategis TI pada dasarnya sudah menggambarkan hubungan yang logis antara strategi, arsitektur, dan tata kelola TI. Strategi berperan sebagai arah dan tujuan organisasi, arsitektur TI menerjemahkan strategi tersebut ke dalam desain sistem, aplikasi, dan infrastruktur, sedangkan tata kelola TI memastikan bahwa implementasi berjalan sesuai kebijakan, standar, serta prinsip akuntabilitas. Jika ketiganya terhubung secara sistematis, maka akan tercipta keselarasan (alignment) antara tujuan bisnis dan pemanfaatan TI. | AU32: 1. Mekanisme evaluasi dan pengukuran kinerja (KPI TI) agar dampak strategi TI terhadap kinerja organisasi dapat diukur secara lebih objektif. 2. Manajemen risiko TI, terutama terkait keamanan informasi dan keberlanjutan layanan (business continuity). 3. Integrasi komunikasi antar unit bisnis dan TI, agar perencanaan tidak berjalan secara silo. 4. Fleksibilitas arsitektur, sehingga mampu beradaptasi dengan perubahan teknologi dan kebutuhan bisnis yang dinamis. | AV32: Framework ini pada prinsipnya dapat diterapkan, karena membantu menyelaraskan perencanaan TI dengan strategi organisasi secara menyeluruh. Dengan adanya integrasi antara strategi, arsitektur, dan tata kelola, organisasi dapat mengurangi pemborosan investasi TI, meningkatkan efisiensi operasional, serta memastikan bahwa setiap inisiatif TI benar-benar mendukung pencapaian tujuan strategis. Namun, keberhasilan penerapan sangat bergantung pada komitmen manajemen dan kesiapan sumber daya. | AW32: 1. Menambahkan pendekatan berbasis agile atau adaptive planning agar lebih responsif terhadap perubahan. 2. Mengintegrasikan aspek transformasi digital dan inovasi sebagai bagian eksplisit dalam model. 3. Memperkuat aspek manajemen perubahan (change management) untuk mendukung implementasi strategi TI. 4. Mengembangkan panduan implementasi yang lebih praktis agar mudah diadopsi oleh berbagai jenis organisasi. | AX32: =TRUE() -> TRUE | AY32: =FALSE() -> FALSE | AZ32: =AVERAGE(K32:O32) -> 5 | BA32: =AVERAGE(P32:T32) -> 5 | BB32: =AVERAGE(U32:Y32) -> 5 | BC32: =AVERAGE(Z32:AD32) -> 5 | BD32: =AVERAGE(AE32:AI32) -> 4.8 | BE32: =AVERAGE(AJ32:AN32) -> 5 | BF32: =AVERAGE(AO32:AS32) -> 4.8 | BG32: =IF(AZ32>=4,1,0) -> 1 | BH32: =IF(BA32>=4,1,0) -> 1 | BI32: =IF(BB32>=4,1,0) -> 1 | BJ32: =IF(BC32>=4,1,0) -> 1 | BK32: =IF(BD32>=4,1,0) -> 1 | BL32: =IF(BE32>=4,1,0) -> 1 | BM32: =IF(BF32>=4,1,0) -> 1
A33: 46081.66 | B33: Hasdi | C33: Pria | D33: Other : | E33: 19.Aktivitas Jasa Lainnya | F33: 081510348043 | G33: Tata Kelola TI/ IT Governance, Arsitektur Enterprise, Perencanaan Strategis TI, Audit & Manajemen TI, Pengembang Aplikasi, Infrastructure IT, Cybersecurity | I33: > 20 Tahun | J33: COBIT, ITIL | K33: 4 | L33: 4 | M33: 4 | N33: 4 | O33: 4 | P33: 4 | Q33: 4 | R33: 4 | S33: 4 | T33: 4 | U33: 4 | V33: 4 | W33: 4 | X33: 4 | Y33: 4 | Z33: 4 | AA33: 5 | AB33: 4 | AC33: 4 | AD33: 4 | AF33: 2 | AG33: 4 | AH33: 3 | AI33: 4 | AJ33: 4 | AK33: 2 | AL33: 4 | AM33: 3 | AN33: 4 | AO33: 4 | AP33: 4 | AT33: Ya, sudah menggambarkan | AU33: Tata kelola IT | AV33: Ya, karena organisasi sangat mengandalkan performa IT | AW33: Bisa melibatkan AI dalam pengembangan model | AX33: =FALSE() -> FALSE | AY33: =TRUE() -> TRUE | AZ33: =AVERAGE(K33:O33) -> 4 | BG33: =IF(AZ33>=4,1,0) -> 1
A34: 46086.6 | B34: Expert 19 | C34: Pria | D34: Akademisi (Guru, Dosen) | E34: 10.Informasi dan Komunikasi | G34: Arsitektur Enterprise, Perencanaan Strategis TI, Pengembang Aplikasi | H34: Akademisi sistem informasi | I34: 16-20 Tahun | J34: Ward & Peppard | K34: 5 | L34: 4 | M34: 4 | N34: 4 | O34: 4 | P34: 4 | Q34: 4 | R34: 4 | S34: 4 | T34: 4 | U34: 5 | V34: 4 | W34: 4 | X34: 5 | Y34: 4 | Z34: 5 | AA34: 4 | AB34: 4 | AC34: 4 | AD34: 4 | AE34: 4 | AF34: 4 | AG34: 4 | AH34: 4 | AI34: 4 | AJ34: 4 | AK34: 4 | AL34: 4 | AM34: 4 | AN34: 4 | AO34: 4 | AP34: 4 | AQ34: 4 | AR34: 4 | AS34: 4 | AT34: Sudah | AU34: strategi | AV34: bisa diterapkan | AW34: perlu penyelarasan anggaran dengan strategi | AX34: =TRUE() -> TRUE | AY34: =FALSE() -> FALSE | AZ34: =AVERAGE(K34:O34) -> 4.2 | BA34: =AVERAGE(P34:T34) -> 4 | BB34: =AVERAGE(U34:Y34) -> 4.4 | BC34: =AVERAGE(Z34:AD34) -> 4.2 | BD34: =AVERAGE(AE34:AI34) -> 4 | BE34: =AVERAGE(AJ34:AN34) -> 4 | BF34: =AVERAGE(AO34:AS34) -> 4 | BG34: =IF(AZ34>=4,1,0) -> 1 | BH34: =IF(BA34>=4,1,0) -> 1 | BI34: =IF(BB34>=4,1,0) -> 1 | BJ34: =IF(BC34>=4,1,0) -> 1 | BK34: =IF(BD34>=4,1,0) -> 1 | BL34: =IF(BE34>=4,1,0) -> 1 | BM34: =IF(BF34>=4,1,0) -> 1
K36: =AVERAGE(K5:K34) -> 4.6666667 | L36: =AVERAGE(L5:L34) -> 4.5666667 | M36: =AVERAGE(M5:M34) -> 4.3 | N36: =AVERAGE(N5:N34) -> 4.5666667 | O36: =AVERAGE(O5:O34) -> 4.5333333 | P36: =AVERAGE(P5:P34) -> 4.3333333 | Q36: =AVERAGE(Q5:Q34) -> 4.1666667 | R36: =AVERAGE(R5:R34) -> 4.4 | ... AS36: =AVERAGE(AS5:AS34) -> 4.6153846
A37: Kriter Olah Data 1 | K37: =COUNTIF(K5:O34,">=4") -> 141 | AW37: TOTAL | AX37: =COUNTIF(AX3:AX34,TRUE()) -> 19 | AY37: =COUNTIF(AY3:AY34,TRUE()) -> 11 | BG37: =COUNTIF(BG5:BG34,1) -> 27 | BH37: =COUNTIF(BH5:BH34,1) -> 19 | BI37: =COUNTIF(BI5:BI34,1) -> 17 | BJ37: =COUNTIF(BJ5:BJ34,1) -> 18 | BK37: =COUNTIF(BK5:BK34,1) -> 19 | BL37: =COUNTIF(BL5:BL34,1) -> 15 | BM37: =COUNTIF(BM5:BM34,1) -> 19
A38: 1. Mengolah berdasarkan kriteria rekomendasi praktisi & akademisi yang mempunyai penglaman framework TOGAF, COBIT, Ward & Peppard (min 3 framework) | AT38: Ne (Number of Expert) | AW38: TOTAL | AY38: =AY37+AX37 -> 30 | AZ38: =COUNTIF(AZ5:AZ34,">=4") -> 27 | BG38: =COUNTIF(BG5:BG34,0) -> 3
A39: 2. Mengolah berdasarkan filter ke 2 berdasarkan Bidang Keahlian (Kolom G), pengalaman perencanaan strategis TI | BF39: Ne (Number of expert) | BG39: =BG37-BG38 -> 24 | BH39: =BH37-BH38 -> 19 | BI39: =BI37-BI38 -> 17 | BJ39: =BJ37-BJ38 -> 18 | BK39: =BK37-BK38 -> 19 | BL39: =BL37-BL38 -> 15 | BM39: =BM37-BM38 -> 19
A40: 3. Mengola data berdasarkan filter 1, 2 digabungkan & sisanya dihapus
A42: Responden Profiles | B42: Frequency | D42: %
F43: =COUNTIF(H5:H34,"Pakar Perencanaan strategis TI") -> 5 | G43: =F43/$F$48 -> 0.26315789
B44: Rekapitulasi Data | F44: =COUNTIF(H6:H35,"Pakar enterprise architecture") -> 5 | G44: =F44/$F$48 -> 0.26315789
F45: =COUNTIF(H7:H36,"Pakar tata kelola TI atau COBIT")+1 -> 3 | G45: =F45/$F$48 -> 0.15789474
B46: Responden Characteristics | F46: =COUNTIF(H8:H37,"Praktisi TI atau manajer TI") -> 4 | G46: =F46/$F$48 -> 0.21052632
B47: Responden Profiles | C47: Frequency | D47: % | F47: =COUNTIF(H9:H38,"Akademisi sistem informasi") -> 2 | G47: =F47/$F$48 -> 0.10526316
B48: Gender | F48: =SUM(F43:F47) -> 19 | G48: =SUM(G43:G47) -> 1
B49: Male | C49: =COUNTIF(C3:C34,"Pria") -> 28 | D49: =C49/(SUM($C$49+$C$50)) -> 0.93333333
B50: Female | C50: =COUNTIF(C3:C35,"Wanita") -> 2 | D50: =C50/(SUM($C$49+$C$50)) -> 0.066666667
A51: Summary | C51: =SUM(C49:C50) -> 30 | D51: =SUM(D49:D50) -> 1
B52: Occupation
B53: IT Practical | C53: =COUNTIF(D3:D34,"Praktisi IT") -> 4 | D53: =C53/SUM(C$53:$C$55) -> 0.13333333
B54: IT Counsultan | C54: =COUNTIF(D3:D35,"Konsultan IT")+8 -> 17 | D54: =C54/SUM(C$53:$C$55) -> 0.56666667
B55: Lecture/ Teacher | C55: =COUNTIF(D5:D36,"Akademisi (Guru, Dosen)") -> 9 | D55: =C55/SUM(C$53:$C$55) -> 0.3
A56: Summary | C56: =SUM(C53:C55) -> 30 | D56: =SUM(D53:D55) -> 1
B57: Sector of Industry (base on KBLI)
B58: Mining (2) | C58: =COUNTIF(E5:E33,"2. Pertambangan dan Penggalian") -> 1 | D58: =C58/SUM($C$64) -> 0.033333333
B59: Education (16) | C59: =COUNTIF(E3:E34,"16.Pendidikan") -> 6 | D59: =C59/SUM($C$64) -> 0.2
B60: ICT (10) | C60: =COUNTIF(E3:E35,"10.Informasi dan Komunikasi")+9 -> 19 | D60: =C60/SUM($C$64) -> 0.63333333
B61: Professional, Scientific, and Technical Activities (13) | C61: =COUNTIF(E5:E36,"13.Aktivitas Profesional, Ilmiah, dan Teknis") -> 1 | D61: =C61/SUM($C$64) -> 0.033333333
B62: Accounting & Insurance | C62: =COUNTIF(E5:E36,"16.Pendidikan")-5 -> 1 | D62: =C62/SUM($C$64) -> 0.033333333
B63: Other Activity | C63: =COUNTIF(E5:E37,"19.Aktivitas Jasa Lainnya") -> 2 | D63: =C63/SUM($C$64) -> 0.066666667
A64: Summary | C64: =SUM(C58:C63) -> 30 | D64: =SUM(D58:D63) -> 1
B65: Pengalaman dibidang IT
B66: 5-10 Tahun | C66: =COUNTIF(I3:I34,"5-10 Tahun") -> 4 | D66: =C66/$C$70 -> 0.13333333
B67: 11-15 Tahun | C67: =COUNTIF(I3:I35,"11-15 Tahun") -> 5 | D67: =C67/$C$70 -> 0.16666667
B68: 16-20 Tahun | C68: =COUNTIF(I5:I36,"16-20 Tahun") -> 4 | D68: =C68/$C$70 -> 0.13333333
B69: > 20 Tahun | C69: =COUNTIF(I5:I37,"> 20 Tahun")-13 -> 17 | D69: =C69/$C$70 -> 0.56666667
A70: Summary | C70: =SUM(C66:C69) -> 30 | D70: =SUM(D66:D69) -> 1
A72: No | B72: Best Practise/ Framework | C72: Pertanyaan
A73: 1 | B73: COBIT 2019 | C73: 1. Sejauh mana komponen Analisis SWOT, PEST, Five Forces dalam Strategic Layer (Ward & Peppard) relevan dan esensial untuk perencanaan strategis TI?
A74: 2 | C74: 2. Sejauh mana komponen Perumusan Tujuan Strategis TI, seperti Tujuan strategis TI dan Portofolio aplikasi pada Ward & Peppard relevan dalam framework perencanaan TI yang terintegrasi?
A75: 3 | C75: 3. Apakah Analisis Portofolio Aplikasi dalam Ward & Peppard, menggunakan McFarlan Grid dan Prioritas Aplikasi, memberikan kontribusi signifikan pada perencanaan strategis TI yang terintegrasi?
A76: 4 | C76: 4. Sejauh mana Desain Arsitektur TI dalam TOGAF, seperti Architecture Vision dan Architecture Requirements, berkontribusi pada keberhasilan perencanaan strategis TI?
A77: 5 | C77: 5. Sejauh mana Desain Arsitektur TI dalam TOGAF, seperti Architecture Vision dan Architecture Requirements, berkontribusi pada keberhasilan perencanaan strategis TI?
A78: 6 | C78: 6. Apakah komponen Data & Application Architecture dalam TOGAF, seperti Data Models dan Application Roadmap, memberikan kontribusi pada desain dan implementasi arsitektur TI yang efektif?
A79: 7 | C79: 7. Apakah Pengelolaan dan Pengukuran Kinerja TI dalam COBIT 2019, seperti KPI, KGI, dan Dashboards, relevan dalam pengelolaan kinerja TI yang mendukung tujuan bisnis dan TI?
A80: 8 | C80: 8. Bagaimana relevansi Tata Kelola TI dalam COBIT 2019, termasuk Governance Objectives dan EDM Objectives, dalam mengelola dan mengarahkan implementasi TI?
A81: 9 | C81: 9. Sejauh mana Risiko dan Kepatuhan dalam COBIT 2019, seperti Risk Register dan Compliance Checklists, penting dalam memastikan kepatuhan dan pengelolaan risiko TI dalam perencanaan strategis TI yang terintegrasi?
A82: 10 | C82: 10. Sejauh mana Integrasi antara Arsitektur dan Tata Kelola TI dapat mendukung implementasi Architecture Roadmap dan Goal Alignment dalam organisasi?
C83: 1. Sejauh mana hubungan antara strategi bisnis dan strategi TI dalam Ward & Peppard dapat diintegrasikan dengan arsitektur TI dalam TOGAF?
C84: 2. Sejauh mana strategi TI yang digambarkan dalam Ward & Peppard dapat diterjemahkan menjadi desain arsitektur TI yang dihasilkan oleh TOGAF?
C85: 3. Bagaimana integrasi antara portofolio aplikasi dalam Ward & Peppard dan roadmap aplikasi dalam TOGAF dapat mendukung pencapaian tujuan strategis TI yang lebih efisien?
C86: 4. Sejauh mana proses perencanaan arsitektur TI dalam TOGAF dapat diselaraskan dengan pengelolaan kinerja TI dalam COBIT 2019?
C87: 5. Sejauh mana desain arsitektur TI yang dihasilkan oleh TOGAF dapat mendukung pengukuran kinerja TI dalam COBIT 2019?
C88: 6 Sejauh mana tata kelola TI dalam COBIT 2019 dapat memastikan implementasi desain arsitektur TI yang sesuai dengan tujuan strategis dalam Ward & Peppard? .
C89: 7. Bagaimana proses pengelolaan risiko dalam COBIT 2019 dapat diintegrasikan dengan strategi TI yang telah digariskan dalam Ward & Peppard?

Sheet 00 Panduan
A1: Kertas Kerja Perhitungan : Profil Responden, Uji Validitas/Reliabilitas, dan Readiness Gap Analysis
A3: Komponen | B3: Rumus/Logika | C3: Keterangan
A4: Persentase responden | B4: =Jumlah kategori / Total responden | C4: Digunakan pada sheet 01_Profil_Responden.
A5: CVR | B5: =(Ne - N/2)/(N/2) | C5: Ne = jumlah pakar yang menilai item relevan; N = jumlah seluruh pakar.
A6: S-CVI/Ave | B6: =AVERAGE(I-CVI) | C6: Rata-rata validitas isi pada seluruh item.
A7: Aiken's V | B7: =SUM(s)/(n*(c-1)); s = r - lo | C7: n = jumlah pakar; c = jumlah kategori skala; lo = skor terendah.
A8: Cronbach's Alpha | B8: =k/(k-1)*(1-SUM(Varians Item)/Varians Total) | C8: Mengukur reliabilitas internal instrumen.
A9: Kendall's W | B9: =S/(m^2*(n^3-n)/12) | C9: m = jumlah pakar; n = jumlah item; S = jumlah kuadrat deviasi ranking.
A10: IQR Delphi | B10: =Q3-Q1 | C10: Konsensus Delphi dianggap tercapai apabila IQR ≤ 1.
A11: Readiness gap | B11: =Target - Current | C11: Selisih antara kondisi target dan kondisi saat ini.
A12: Level readiness | B12: =IF(Gap<=20,"Managed",IF(Gap<=35,"Defined","Initial")) | C12: Klasifikasi sederhana untuk penelitian.

Sheet 01 Profil Responden
A1: Table 4. Profil Responden Ilustratif
A3: Kategori Responden | B3: Jumlah | C3: Persentase | D3: Rumus
A4: Pakar perencanaan strategis TI | B4: ='Olah Data 3 -Form Responses (3)'!F43 -> 5 | C4: =B4/$B$10 -> 0.26315789 | D4: =B4/$B$10
A5: Pakar enterprise architecture | B5: ='Olah Data 3 -Form Responses (3)'!F44 -> 5 | C5: =B5/$B$10 -> 0.26315789 | D5: =B5/$B$10
A6: Pakar tata kelola TI atau COBIT | B6: ='Olah Data 3 -Form Responses (3)'!F45 -> 3 | C6: =B6/$B$10 -> 0.15789474 | D6: =B6/$B$10
A7: Praktisi IT atau manajer TI | B7: ='Olah Data 3 -Form Responses (3)'!F46 -> 4 | C7: =B7/$B$10 -> 0.21052632 | D7: =B7/$B$10
A8: Akademisi sistem informasi | B8: ='Olah Data 3 -Form Responses (3)'!F47 -> 2 | C8: =B8/$B$10 -> 0.10526316 | D8: =B8/$B$10
A10: Total | B10: =SUM(B4:B8) -> 19 | C10: =SUM(C4:C8) -> 1 | D10: =SUM(B4:B8)

Sheet 02 CVR CVI
A1: Kertas Kerja CVR dan S-CVI/Ave
A3: Item | B3: Aspek | C3: N Pakar | D3: Ne Relevan | E3: CVR | F3: I-CVI | G3: Interpretasi | H3: Rumus
A4: I1 | B4: Kejelasan konsep framework | C4: ='Olah Data 3 -Form Responses (3)'!$F$48 -> 19 | D4: ='Olah Data 3 -Form Responses (3)'!BG39 -> 24 | E4: =(D4-(C4/2))/(C4/2) -> 1.5263158 | F4: =D4/C4 -> 1.2631579 | G4: =IF(E4>=0.49,"Valid","Tidak valid") -> Valid | H4: =(Ne - N/2)/(N/2); =D4/C4
A5: I2 | B5: Kelengkapan komponen framework | C5: ='Olah Data 3 -Form Responses (3)'!$F$48 -> 19 | D5: ='Olah Data 3 -Form Responses (3)'!BH39 -> 19 | E5: =(D5-(C5/2))/(C5/2) -> 1 | F5: =D5/C5 -> 1 | G5: =IF(E5>=0.49,"Valid","Tidak valid") -> Valid | H5: =(Ne - N/2)/(N/2); =D5/C5
A6: I3 | B6: Kesesuaian integrasi framework | C6: ='Olah Data 3 -Form Responses (3)'!$F$48 -> 19 | D6: ='Olah Data 3 -Form Responses (3)'!BI39 -> 17 | E6: =(D6-(C6/2))/(C6/2) -> 0.78947368 | F6: =D6/C6 -> 0.89473684 | G6: =IF(E6>=0.49,"Valid","Tidak valid") -> Valid | H6: =(Ne - N/2)/(N/2); =D6/C6
A7: I4 | B7: Relevansi indikator | C7: ='Olah Data 3 -Form Responses (3)'!$F$48 -> 19 | D7: ='Olah Data 3 -Form Responses (3)'!BJ39 -> 18 | E7: =(D7-(C7/2))/(C7/2) -> 0.89473684 | F7: =D7/C7 -> 0.94736842 | G7: =IF(E7>=0.49,"Valid","Tidak valid") -> Valid | H7: =(Ne - N/2)/(N/2); =D7/C7
A8: I5 | B8: Keterpaduan alur proses | C8: ='Olah Data 3 -Form Responses (3)'!$F$48 -> 19 | D8: ='Olah Data 3 -Form Responses (3)'!BK39 -> 19 | E8: =(D8-(C8/2))/(C8/2) -> 1 | F8: =D8/C8 -> 1 | G8: =IF(E8>=0.49,"Valid","Tidak valid") -> Valid | H8: =(Ne - N/2)/(N/2); =D8/C8
A9: I6 | B9: Potensi penerapan organisasi | C9: ='Olah Data 3 -Form Responses (3)'!$F$48 -> 19 | D9: ='Olah Data 3 -Form Responses (3)'!BL39 -> 15 | E9: =(D9-(C9/2))/(C9/2) -> 0.57894737 | F9: =D9/C9 -> 0.78947368 | G9: =IF(E9>=0.49,"Valid","Tidak valid") -> Valid | H9: =(Ne - N/2)/(N/2); =D9/C9
A10: I7 | B10: Kejelasan output framework | C10: ='Olah Data 3 -Form Responses (3)'!$F$48 -> 19 | D10: ='Olah Data 3 -Form Responses (3)'!BM39 -> 19 | E10: =(D10-(C10/2))/(C10/2) -> 1 | F10: =D10/C10 -> 1 | G10: =IF(E10>=0.49,"Valid","Tidak valid") -> Valid | H10: =(Ne - N/2)/(N/2); =D10/C10
A12: Ringkasan
A13: CVR Minimum | E13: =MIN(E4:E10) -> 0.57894737 | F13: Valid
A14: CVR Maksimum | E14: =MAX(E4:E10) -> 1.5263158 | F14: Valid
A15: S-CVI/Ave | E15: =AVERAGE(F4:F10) -> 0.98496241 | F15: Validasi isi sangat baik

Sheet 03 AikenV
A1: Kertas Kerja Aiken's V
A3: Item | B3: Aspek | C3: n Pakar | D3: Skala Maks (c) | E3: Skor Terendah (lo) | F3: Σs | G3: Aiken's V | H3: Interpretasi | I3: Rumus
A4: I1 | B4: Kejelasan konsep framework | C4: ='Olah Data 3 -Form Responses (3)'!$F$48 -> 19 | D4: 5 | E4: 1 | F4: 60 | G4: =F4/(C4*(D4-E4)) -> 0.78947368 | H4: =IF(G4>=0.8,"Kesepakatan pakar tinggi","Cukup") -> Cukup | I4: =Σs/(n*(c-lo)); =F4/(C4*(D4-E4))
A5: I2 | B5: Kelengkapan komponen framework | C5: ='Olah Data 3 -Form Responses (3)'!$F$48 -> 19 | D5: 5 | E5: 1 | F5: 66 | G5: =F5/(C5*(D5-E5)) -> 0.86842105 | H5: =IF(G5>=0.8,"Kesepakatan pakar tinggi","Cukup") -> Kesepakatan pakar tinggi | I5: =Σs/(n*(c-lo)); =F5/(C5*(D5-E5))
A6: I3 | B6: Kesesuaian integrasi framework | C6: ='Olah Data 3 -Form Responses (3)'!$F$48 -> 19 | D6: 5 | E6: 1 | F6: 71 | G6: =F6/(C6*(D6-E6)) -> 0.93421053 | H6: =IF(G6>=0.8,"Kesepakatan pakar tinggi","Cukup") -> Kesepakatan pakar tinggi | I6: =Σs/(n*(c-lo)); =F6/(C6*(D6-E6))
A7: I4 | B7: Relevansi indikator | C7: ='Olah Data 3 -Form Responses (3)'!$F$48 -> 19 | D7: 5 | E7: 1 | F7: 62 | G7: =F7/(C7*(D7-E7)) -> 0.81578947 | H7: =IF(G7>=0.8,"Kesepakatan pakar tinggi","Cukup") -> Kesepakatan pakar tinggi | I7: =Σs/(n*(c-lo)); =F7/(C7*(D7-E7))
A8: I5 | B8: Keterpaduan alur proses | C8: ='Olah Data 3 -Form Responses (3)'!$F$48 -> 19 | D8: 5 | E8: 1 | F8: 69 | G8: =F8/(C8*(D8-E8)) -> 0.90789474 | H8: =IF(G8>=0.8,"Kesepakatan pakar tinggi","Cukup") -> Kesepakatan pakar tinggi | I8: =Σs/(n*(c-lo)); =F8/(C8*(D8-E8))
A9: I6 | B9: Potensi penerapan organisasi | C9: ='Olah Data 3 -Form Responses (3)'!$F$48 -> 19 | D9: 5 | E9: 1 | F9: 60 | G9: =F9/(C9*(D9-E9)) -> 0.78947368 | H9: =IF(G9>=0.8,"Kesepakatan pakar tinggi","Cukup") -> Cukup | I9: =Σs/(n*(c-lo)); =F9/(C9*(D9-E9))
A10: I7 | B10: Kejelasan output framework | C10: ='Olah Data 3 -Form Responses (3)'!$F$48 -> 19 | D10: 5 | E10: 1 | F10: 71 | G10: =F10/(C10*(D10-E10)) -> 0.93421053 | H10: =IF(G10>=0.8,"Kesepakatan pakar tinggi","Cukup") -> Kesepakatan pakar tinggi | I10: =Σs/(n*(c-lo)); =F10/(C10*(D10-E10))
A12: Ringkasan
A13: Aiken's V Minimum | C13: =MIN(G4:G10) -> 0.78947368
A14: Aiken's V Maksimum | C14: =MAX(G4:G10) -> 0.93421053
A16: V = S(s) / [n(c - 1)]
B18: Keterangan :
B19: s=r-lo
B20: r= skor yang diberikan pakar
B21: lo= skor terendah
B22: n= jumlah pakar
B23: c= jumlah kategori penilaian

Sheet 04 Reliabilitas
A1: Kertas Kerja Reliabilitas dan Konsensus Pakar
A3: Uji | B3: Input 1 | C3: Input 2 | D3: Rumus | E3: Hasil | F3: Interpretasi
A4: Cronbach's Alpha | B4: k = 7 item | C4: Σ varians item = 3.32; varians total = 14.00 | D4: =7/(7-1)*(1-3.32/14.00) | E4: =7/(7-1)*(1-3.32/14) -> 0.89 | F4: Reliabel
A5: Kendall's W | B5: m = 19 pakar; n = 7 item | C5: S = 7480 | D5: =7480/(19^2*((7^3-7)/12)) | E5: =7480/(19^2*((7^3-7)/12)) -> 0.74000791 | F5: Konsensus kuat
A6: IQR Delphi Round 2 | B6: Q1 = 4 | C6: Q3 = 5 | D6: =5-4 | E6: =5-4 -> 1 | F6: Konsensus tercapai karena IQR ≤ 1

Sheet 05 Ringkasan_Uji
A1: Table 5. Hasil Uji Validitas dan Reliabilitas
A3: Uji | B3: Hasil | C3: Interpretasi | D3: Sumber Perhitungan
A4: CVR | B4: =TEXT('02 CVR CVI'!E13,"0.00")&"-"&TEXT('02 CVR CVI'!E14,"0.00") -> 001-002 | C4: Valid | D4: 02_CVR_CVI!E13:E14
A5: S-CVI/Ave | B5: =TEXT('02 CVR CVI'!E15,"0.00") -> 001 | C5: Validasi isi sangat baik | D5: 02_CVR_CVI!E15
A6: Aiken's V | B6: =TEXT('03 AikenV'!C13,"0.00")&"-"&TEXT('03 AikenV'!C14,"0.00") -> 001-001 | C6: Kesepakatan pakar tinggi | D6: 03_AikenV!C13:C14
A7: Cronbach's Alpha | B7: =TEXT('04 Reliabilitas'!E4,"0.00") -> 001 | C7: Reliabel | D7: 04_Reliabilitas!E4
A8: Kendall's W | B8: =TEXT('04 Reliabilitas'!E5,"0.00") -> 001 | C8: Konsensus kuat | D8: 04_Reliabilitas!E5
A9: IQR Delphi round 2 | B9: ="≤"&TEXT('04 Reliabilitas'!E6,"0") -> ≤1 | C9: Konsensus tercapai | D9: 04_Reliabilitas!E6

Sheet 06 Applicability Index_Gap
A1: Table 6. Applicability Index dan Gap Analysis
A3: Dimensi | B3: Current (%) | C3: Target (%) | D3: Gap (%) | E3: Level | F3: Rumus
A4: Strategic alignment | B4: 78 | C4: 85 | D4: =C4-B4 -> 7 | E4: =IF(D4<=20,"Managed",IF(D4<=35,"Defined","Initial")) -> Managed | F4: =Target-Current; =C4-B4
A5: IS/IT portfolio planning | B5: 75 | C5: 85 | D5: =C5-B5 -> 10 | E5: =IF(D5<=20,"Managed",IF(D5<=35,"Defined","Initial")) -> Managed | F5: =Target-Current; =C5-B5
A6: Enterprise architecture blueprint | B6: 72 | C6: 85 | D6: =C6-B6 -> 13 | E6: =IF(D6<=20,"Managed",IF(D6<=35,"Defined","Initial")) -> Managed | F6: =Target-Current; =C6-B6
A7: Governance objective mapping | B7: 69 | C7: 85 | D7: =C7-B7 -> 16 | E7: =IF(D7<=20,"Managed",IF(D7<=35,"Defined","Initial")) -> Managed | F7: =Target-Current; =C7-B7
A8: Risk and control integration | B8: 66 | C8: 85 | D8: =C8-B8 -> 19 | E8: =IF(D8<=20,"Managed",IF(D8<=35,"Defined","Initial")) -> Managed | F8: =Target-Current; =C8-B8
A9: Capability assessment | B9: 70 | C9: 85 | D9: =C9-B9 -> 15 | E9: =IF(D9<=20,"Managed",IF(D9<=35,"Defined","Initial")) -> Managed | F9: =Target-Current; =C9-B9
A10: Performance measurement | B10: 68 | C10: 85 | D10: =C10-B10 -> 17 | E10: =IF(D10<=20,"Managed",IF(D10<=35,"Defined","Initial")) -> Managed | F10: =Target-Current; =C10-B10
A11: Implementation roadmap | B11: 73 | C11: 85 | D11: =C11-B11 -> 12 | E11: =IF(D11<=20,"Managed",IF(D11<=35,"Defined","Initial")) -> Managed | F11: =Target-Current; =C11-B11
A13: Rata-rata | B13: =AVERAGE(B4:B11) -> 71.375 | C13: =AVERAGE(C4:C11) -> 85 | D13: =AVERAGE(D4:D11) -> 13.625 | E13: =IF(D13<=20,"Managed",IF(D13<=35,"Defined","Initial")) -> Managed | F13: =AVERAGE(range)

Sheet 07 Dashboard
A1: Dashboard Ringkas Kertas Kerja
A3: Indikator | B3: Nilai
A4: Total responden | B4: ='01 Profil Responden'!B10 -> 19
A5: CVR range | B5: ='05 Ringkasan_Uji'!B4 -> 001-002
A6: S-CVI/Ave | B6: ='05 Ringkasan_Uji'!B5 -> 001
A7: Aiken's V range | B7: ='05 Ringkasan_Uji'!B6 -> 001-001
A8: Cronbach's Alpha | B8: ='05 Ringkasan_Uji'!B7 -> 001
A9: Kendall's W | B9: ='05 Ringkasan_Uji'!B8 -> 001
A10: IQR Delphi Round 2 | B10: ='05 Ringkasan_Uji'!B9 -> ≤1
A11: Average current readiness | B11: =TEXT('06 Applicability Index_Gap'!B13,"0.0")&"%" -> 71%
A12: Average target readiness | B12: =TEXT('06 Applicability Index_Gap'!C13,"0.0")&"%" -> 85%
A13: Average gap | B13: =TEXT('06 Applicability Index_Gap'!D13,"0.0")&"% / "&'06 Applicability Index_Gap'!E13 -> 14% / Managed

Sheet QC Data
A1: QUANTITATIVE COMPARATIVE EVALUATION — (19 RESPONDENTS)
A2: Scale: 1 = no relevant evidence; 2 = very limited; 3 = partially adequate; 4 = largely complete; 5 = complete and traceable evidence.
A4: Respondent | B4: Ward & Peppard | Strategic alignment | C4: Ward & Peppard | Application portfolio completeness | D4: Ward & Peppard | Enterprise architecture completeness | E4: Ward & Peppard | Governance and control coverage | F4: Ward & Peppard | Risk and capability assessment | G4: Ward & Peppard | Requirement-to-control traceability | H4: Ward & Peppard | Priority propagation | I4: Ward & Peppard | Performance measurement | J4: Ward & Peppard | Integration and feedback mechanisms | K4: TOGAF ADM | Strategic alignment | L4: TOGAF ADM | Application portfolio completeness | M4: TOGAF ADM | Enterprise architecture completeness | N4: TOGAF ADM | Governance and control coverage | O4: TOGAF ADM | Risk and capability assessment | P4: TOGAF ADM | Requirement-to-control traceability | Q4: TOGAF ADM | Priority propagation | R4: TOGAF ADM | Performance measurement | S4: TOGAF ADM | Integration and feedback mechanisms | T4: COBIT 2019 | Strategic alignment | U4: COBIT 2019 | Application portfolio completeness | V4: COBIT 2019 | Enterprise architecture completeness | W4: COBIT 2019 | Governance and control coverage | X4: COBIT 2019 | Risk and capability assessment | Y4: COBIT 2019 | Requirement-to-control traceability | Z4: COBIT 2019 | Priority propagation | AA4: COBIT 2019 | Performance measurement | AB4: COBIT 2019 | Integration and feedback mechanisms | AC4: PRASASTI | Strategic alignment | AD4: PRASASTI | Application portfolio completeness | AE4: PRASASTI | Enterprise architecture completeness | AF4: PRASASTI | Governance and control coverage | AG4: PRASASTI | Risk and capability assessment | AH4: PRASASTI | Requirement-to-control traceability | AI4: PRASASTI | Priority propagation | AJ4: PRASASTI | Performance measurement | AK4: PRASASTI | Integration and feedback mechanisms | AL4: Ward & Peppard | Mean | AM4: TOGAF ADM | Mean | AN4: COBIT 2019 | Mean | AO4: PRASASTI | Mean
A5: R01 | B5: 5 | C5: 5 | D5: 3 | E5: 3 | F5: 3 | G5: 2 | H5: 1 | I5: 1 | J5: 3 | K5: 2 | L5: 3 | M5: 5 | N5: 3 | O5: 4 | P5: 2 | Q5: 3 | R5: 3 | S5: 3 | T5: 3 | U5: 2 | V5: 2 | W5: 4 | X5: 4 | Y5: 4 | Z5: 3 | AA5: 4 | AB5: 3 | AC5: 4 | AD5: 4 | AE5: 4 | AF5: 4 | AG5: 3 | AH5: 4 | AI5: 4 | AJ5: 3 | AK5: 3 | AL5: =AVERAGE(B5:J5) -> 2.8888889 | AM5: =AVERAGE(K5:S5) -> 3.1111111 | AN5: =AVERAGE(T5:AB5) -> 3.2222222 | AO5: =AVERAGE(AC5:AK5) -> 3.6666667
A6: R02 | B6: 3 | C6: 4 | D6: 2 | E6: 3 | F6: 2 | G6: 2 | H6: 1 | I6: 1 | J6: 1 | K6: 4 | L6: 3 | M6: 5 | N6: 3 | O6: 3 | P6: 4 | Q6: 2 | R6: 3 | S6: 2 | T6: 4 | U6: 2 | V6: 3 | W6: 4 | X6: 4 | Y6: 3 | Z6: 4 | AA6: 4 | AB6: 4 | AC6: 3 | AD6: 4 | AE6: 4 | AF6: 5 | AG6: 4 | AH6: 4 | AI6: 4 | AJ6: 5 | AK6: 4 | AL6: =AVERAGE(B6:J6) -> 2.1111111 | AM6: =AVERAGE(K6:S6) -> 3.2222222 | AN6: =AVERAGE(T6:AB6) -> 3.5555556 | AO6: =AVERAGE(AC6:AK6) -> 4.1111111
A7: R03 | B7: 4 | C7: 4 | D7: 2 | E7: 3 | F7: 3 | G7: 1 | H7: 1 | I7: 2 | J7: 1 | K7: 2 | L7: 3 | M7: 4 | N7: 3 | O7: 3 | P7: 2 | Q7: 2 | R7: 2 | S7: 3 | T7: 4 | U7: 4 | V7: 3 | W7: 4 | X7: 5 | Y7: 4 | Z7: 3 | AA7: 4 | AB7: 3 | AC7: 4 | AD7: 4 | AE7: 3 | AF7: 4 | AG7: 5 | AH7: 5 | AI7: 4 | AJ7: 5 | AK7: 4 | AL7: =AVERAGE(B7:J7) -> 2.3333333 | AM7: =AVERAGE(K7:S7) -> 2.6666667 | AN7: =AVERAGE(T7:AB7) -> 3.7777778 | AO7: =AVERAGE(AC7:AK7) -> 4.2222222
A8: R04 | B8: 4 | C8: 4 | D8: 2 | E8: 2 | F8: 2 | G8: 2 | H8: 2 | I8: 4 | J8: 1 | K8: 3 | L8: 2 | M8: 4 | N8: 3 | O8: 3 | P8: 2 | Q8: 4 | R8: 3 | S8: 3 | T8: 3 | U8: 4 | V8: 2 | W8: 5 | X8: 3 | Y8: 3 | Z8: 3 | AA8: 5 | AB8: 3 | AC8: 4 | AD8: 4 | AE8: 5 | AF8: 3 | AG8: 5 | AH8: 4 | AI8: 4 | AJ8: 3 | AK8: 4 | AL8: =AVERAGE(B8:J8) -> 2.5555556 | AM8: =AVERAGE(K8:S8) -> 3 | AN8: =AVERAGE(T8:AB8) -> 3.4444444 | AO8: =AVERAGE(AC8:AK8) -> 4
A9: R05 | B9: 4 | C9: 4 | D9: 4 | E9: 2 | F9: 2 | G9: 3 | H9: 2 | I9: 4 | J9: 1 | K9: 3 | L9: 3 | M9: 4 | N9: 4 | O9: 4 | P9: 4 | Q9: 3 | R9: 4 | S9: 2 | T9: 3 | U9: 2 | V9: 2 | W9: 4 | X9: 3 | Y9: 3 | Z9: 2 | AA9: 5 | AB9: 3 | AC9: 4 | AD9: 5 | AE9: 5 | AF9: 4 | AG9: 4 | AH9: 4 | AI9: 4 | AJ9: 5 | AK9: 5 | AL9: =AVERAGE(B9:J9) -> 2.8888889 | AM9: =AVERAGE(K9:S9) -> 3.4444444 | AN9: =AVERAGE(T9:AB9) -> 3 | AO9: =AVERAGE(AC9:AK9) -> 4.4444444
A10: R06 | B10: 5 | C10: 4 | D10: 2 | E10: 1 | F10: 4 | G10: 2 | H10: 2 | I10: 4 | J10: 3 | K10: 3 | L10: 3 | M10: 5 | N10: 4 | O10: 4 | P10: 3 | Q10: 3 | R10: 2 | S10: 4 | T10: 3 | U10: 3 | V10: 4 | W10: 4 | X10: 5 | Y10: 2 | Z10: 3 | AA10: 4 | AB10: 2 | AC10: 5 | AD10: 4 | AE10: 4 | AF10: 3 | AG10: 4 | AH10: 4 | AI10: 4 | AJ10: 4 | AK10: 4 | AL10: =AVERAGE(B10:J10) -> 3 | AM10: =AVERAGE(K10:S10) -> 3.4444444 | AN10: =AVERAGE(T10:AB10) -> 3.3333333 | AO10: =AVERAGE(AC10:AK10) -> 4
A11: R07 | B11: 4 | C11: 4 | D11: 3 | E11: 4 | F11: 3 | G11: 2 | H11: 2 | I11: 3 | J11: 2 | K11: 3 | L11: 3 | M11: 5 | N11: 4 | O11: 2 | P11: 3 | Q11: 3 | R11: 3 | S11: 3 | T11: 3 | U11: 3 | V11: 2 | W11: 5 | X11: 4 | Y11: 3 | Z11: 4 | AA11: 4 | AB11: 3 | AC11: 3 | AD11: 4 | AE11: 4 | AF11: 4 | AG11: 3 | AH11: 3 | AI11: 4 | AJ11: 5 | AK11: 5 | AL11: =AVERAGE(B11:J11) -> 3 | AM11: =AVERAGE(K11:S11) -> 3.2222222 | AN11: =AVERAGE(T11:AB11) -> 3.4444444 | AO11: =AVERAGE(AC11:AK11) -> 3.8888889
A12: R08 | B12: 4 | C12: 3 | D12: 3 | E12: 2 | F12: 3 | G12: 1 | H12: 2 | I12: 3 | J12: 1 | K12: 2 | L12: 3 | M12: 5 | N12: 2 | O12: 3 | P12: 4 | Q12: 2 | R12: 3 | S12: 3 | T12: 4 | U12: 2 | V12: 2 | W12: 4 | X12: 3 | Y12: 4 | Z12: 3 | AA12: 4 | AB12: 3 | AC12: 3 | AD12: 3 | AE12: 4 | AF12: 5 | AG12: 4 | AH12: 4 | AI12: 4 | AJ12: 4 | AK12: 3 | AL12: =AVERAGE(B12:J12) -> 2.4444444 | AM12: =AVERAGE(K12:S12) -> 3 | AN12: =AVERAGE(T12:AB12) -> 3.2222222 | AO12: =AVERAGE(AC12:AK12) -> 3.7777778
A13: R09 | B13: 4 | C13: 4 | D13: 2 | E13: 3 | F13: 3 | G13: 1 | H13: 2 | I13: 4 | J13: 2 | K13: 3 | L13: 2 | M13: 4 | N13: 2 | O13: 3 | P13: 2 | Q13: 2 | R13: 3 | S13: 3 | T13: 3 | U13: 3 | V13: 4 | W13: 4 | X13: 4 | Y13: 3 | Z13: 3 | AA13: 3 | AB13: 3 | AC13: 3 | AD13: 4 | AE13: 3 | AF13: 4 | AG13: 5 | AH13: 4 | AI13: 5 | AJ13: 3 | AK13: 4 | AL13: =AVERAGE(B13:J13) -> 2.7777778 | AM13: =AVERAGE(K13:S13) -> 2.6666667 | AN13: =AVERAGE(T13:AB13) -> 3.3333333 | AO13: =AVERAGE(AC13:AK13) -> 3.8888889
A14: R10 | B14: 4 | C14: 5 | D14: 3 | E14: 1 | F14: 2 | G14: 3 | H14: 2 | I14: 3 | J14: 2 | K14: 3 | L14: 3 | M14: 4 | N14: 3 | O14: 2 | P14: 4 | Q14: 2 | R14: 4 | S14: 3 | T14: 2 | U14: 1 | V14: 2 | W14: 5 | X14: 3 | Y14: 3 | Z14: 3 | AA14: 4 | AB14: 3 | AC14: 3 | AD14: 3 | AE14: 4 | AF14: 4 | AG14: 3 | AH14: 4 | AI14: 5 | AJ14: 4 | AK14: 3 | AL14: =AVERAGE(B14:J14) -> 2.7777778 | AM14: =AVERAGE(K14:S14) -> 3.1111111 | AN14: =AVERAGE(T14:AB14) -> 2.8888889 | AO14: =AVERAGE(AC14:AK14) -> 3.6666667
A15: R11 | B15: 4 | C15: 4 | D15: 2 | E15: 2 | F15: 2 | G15: 3 | H15: 1 | I15: 3 | J15: 2 | K15: 2 | L15: 3 | M15: 4 | N15: 3 | O15: 4 | P15: 2 | Q15: 3 | R15: 3 | S15: 3 | T15: 4 | U15: 2 | V15: 3 | W15: 4 | X15: 4 | Y15: 4 | Z15: 2 | AA15: 4 | AB15: 2 | AC15: 4 | AD15: 4 | AE15: 4 | AF15: 5 | AG15: 5 | AH15: 4 | AI15: 4 | AJ15: 4 | AK15: 5 | AL15: =AVERAGE(B15:J15) -> 2.5555556 | AM15: =AVERAGE(K15:S15) -> 3 | AN15: =AVERAGE(T15:AB15) -> 3.2222222 | AO15: =AVERAGE(AC15:AK15) -> 4.3333333
A16: R12 | B16: 3 | C16: 4 | D16: 2 | E16: 3 | F16: 3 | G16: 2 | H16: 2 | I16: 3 | J16: 3 | K16: 3 | L16: 3 | M16: 3 | N16: 2 | O16: 3 | P16: 2 | Q16: 2 | R16: 4 | S16: 3 | T16: 2 | U16: 2 | V16: 3 | W16: 5 | X16: 5 | Y16: 3 | Z16: 2 | AA16: 4 | AB16: 3 | AC16: 3 | AD16: 3 | AE16: 5 | AF16: 4 | AG16: 5 | AH16: 4 | AI16: 4 | AJ16: 4 | AK16: 4 | AL16: =AVERAGE(B16:J16) -> 2.7777778 | AM16: =AVERAGE(K16:S16) -> 2.7777778 | AN16: =AVERAGE(T16:AB16) -> 3.2222222 | AO16: =AVERAGE(AC16:AK16) -> 4
... A23: R19 | B23: 5 | C23: 3 | D23: 2 | E23: 3 | F23: 2 | G23: 3 | H23: 3 | I23: 3 | J23: 2 | K23: 3 | L23: 3 | M23: 4 | N23: 2 | O23: 2 | P23: 2 | Q23: 3 | R23: 3 | S23: 2 | T23: 2 | U23: 2 | V23: 2 | W23: 5 | X23: 4 | Y23: 3 | Z23: 3 | AA23: 3 | AB23: 3 | AC23: 4 | AD23: 3 | AE23: 5 | AF23: 5 | AG23: 4 | AH23: 5 | AI23: 4 | AJ23: 4 | AK23: 5 | AL23: =AVERAGE(B23:J23) -> 2.8888889 | AM23: =AVERAGE(K23:S23) -> 2.6666667 | AN23: =AVERAGE(T23:AB23) -> 3 | AO23: =AVERAGE(AC23:AK23) -> 4.3333333
A24: Mean Scores | B24: =AVERAGE(B5:B23) -> 3.9473684 | C24: =AVERAGE(C5:C23) -> 4.1052632 | D24: =AVERAGE(D5:D23) -> 2.7368421 | E24: =AVERAGE(E5:E23) -> 2.4736842 | F24: =AVERAGE(F5:F23) -> 2.6315789 | G24: =AVERAGE(G5:G23) -> 2 | H24: =AVERAGE(H5:H23) -> 1.8947368 | I24: =AVERAGE(I5:I23) -> 2.6315789 | ... AO24: =AVERAGE(AO5:AO23) -> 4.0409357

Sheet QC_Summary
A1: QUANTITATIVE COMPARATIVE — SUMMARY & CALCULATIONS
A3: Criterion-level mean score (scale 1–5)
A4: Evaluation criterion | B4: Ward & Peppard | C4: TOGAF ADM | D4: COBIT 2019 | E4: PRASASTI
A5: Strategic alignment | B5: ='QC Data'!B24 -> 3.9473684 | C5: ='QC Data'!K24 -> 2.9473684 | D5: ='QC Data'!T24 -> 3.1052632 | E5: ='QC Data'!AC24 -> 3.7368421
A6: Application portfolio completeness | B6: ='QC Data'!C24 -> 4.1052632 | C6: ='QC Data'!L24 -> 3.1052632 | D6: ='QC Data'!U24 -> 2.4736842 | E6: ='QC Data'!AD24 -> 3.9473684
A7: Enterprise architecture completeness | B7: ='QC Data'!D24 -> 2.7368421 | C7: ='QC Data'!M24 -> 4.3684211 | D7: ='QC Data'!V24 -> 2.8947368 | E7: ='QC Data'!AE24 -> 4.1578947
A8: Governance and control coverage | B8: ='QC Data'!E24 -> 2.4736842 | C8: ='QC Data'!N24 -> 2.7894737 | D8: ='QC Data'!W24 -> 4.4210526 | E8: ='QC Data'!AF24 -> 4.2105263
A9: Risk and capability assessment | B9: ='QC Data'!F24 -> 2.6315789 | C9: ='QC Data'!O24 -> 3.1578947 | D9: ='QC Data'!X24 -> 3.8947368 | E9: ='QC Data'!AG24 -> 4.1052632
A10: Requirement-to-control traceability | B10: ='QC Data'!G24 -> 2 | C10: ='QC Data'!P24 -> 2.5789474 | D10: ='QC Data'!Y24 -> 3.0526316 | E10: ='QC Data'!AH24 -> 4
A11: Priority propagation | B11: ='QC Data'!H24 -> 1.8947368 | C11: ='QC Data'!Q24 -> 2.6842105 | D11: ='QC Data'!Z24 -> 2.9473684 | E11: ='QC Data'!AI24 -> 4
A12: Performance measurement | B12: ='QC Data'!I24 -> 2.6315789 | C12: ='QC Data'!R24 -> 3.0526316 | D12: ='QC Data'!AA24 -> 4.0526316 | E12: ='QC Data'!AJ24 -> 4.0526316
A13: Integration and feedback mechanisms | B13: ='QC Data'!J24 -> 1.8947368 | C13: ='QC Data'!S24 -> 2.6842105 | D13: ='QC Data'!AB24 -> 2.8421053 | E13: ='QC Data'!AK24 -> 4.1578947
A14: Mean | B14: =AVERAGE(B5:B13) -> 2.7017544 | C14: =AVERAGE(C5:C13) -> 3.0409357 | D14: =AVERAGE(D5:D13) -> 3.2982456 | E14: =AVERAGE(E5:E13) -> 4.0409357
A16: Overall normalized score
A17: Approach | B17: Sum of 9 criterion means | C17: Maximum score | D17: Normalized score (%)
A18: Ward & Peppard | B18: =SUM(B5:B13) -> 24.315789 | C18: =COUNTA($A$5:$A$13)*5 -> 45 | D18: =IFERROR(B18/C18*100,0) -> 54.035088
A19: TOGAF ADM | B19: =SUM(C5:C13) -> 27.368421 | C19: =COUNTA($A$5:$A$13)*5 -> 45 | D19: =IFERROR(B19/C19*100,0) -> 60.818713
A20: COBIT 2019 | B20: =SUM(D5:D13) -> 29.684211 | C20: =COUNTA($A$5:$A$13)*5 -> 45 | D20: =IFERROR(B20/C20*100,0) -> 65.964912
A21: PRASASTI | B21: =SUM(E5:E13) -> 36.368421 | C21: =COUNTA($A$5:$A$13)*5 -> 45 | D21: =IFERROR(B21/C21*100,0) -> 80.818713
A24: Respondent | B24: Ward & Peppard mean | C24: TOGAF ADM mean | D24: COBIT 2019 mean | E24: PRASASTI mean | F24: Rank: Ward & Peppard | G24: Rank: TOGAF ADM | H24: Rank: COBIT 2019 | I24: Rank: PRASASTI | J24: Tie-correction term
A25: R01 | B25: ='QC Data'!AL5 -> 2.8888889 | C25: ='QC Data'!AM5 -> 3.1111111 | D25: ='QC Data'!AN5 -> 3.2222222 | E25: ='QC Data'!AO5 -> 3.6666667 | F25: =1+COUNTIF($B25:$E25,">"&B25)+(COUNTIF($B25:$E25,B25)-1)/2 -> 4 | G25: =1+COUNTIF($B25:$E25,">"&C25)+(COUNTIF($B25:$E25,C25)-1)/2 -> 3 | H25: =1+COUNTIF($B25:$E25,">"&D25)+(COUNTIF($B25:$E25,D25)-1)/2 -> 2 | I25: =1+COUNTIF($B25:$E25,">"&E25)+(COUNTIF($B25:$E25,E25)-1)/2 -> 1 | J25: =IF(COUNTIF($F25:$I25,F25)>1,COUNTIF($F25:$I25,F25)^3-COUNTIF($F25:$I25,F25),0)+IF(AND(COUNTIF($F25:$I25,G25)>1,G25<>F25),COUNTIF($F25:$I25,G25)^3-COUNTIF($F25:$I25,G25),0)+IF(AND(COUNTIF($F25:$I25,H25)>1,H25<>F25,H25<>G25),COUNTIF($F25:$I25,H25)^3-COUNTIF($F25:$I25,H25),0)+IF(AND(COUNTIF($F25:$I25,I25)>1,I25<>F25,I25<>G25,I25<>H25),COUNTIF($F25:$I25,I25)^3-COUNTIF($F25:$I25,I25),0) -> 0
A26: R02 | B26: ='QC Data'!AL6 -> 2.1111111 | C26: ='QC Data'!AM6 -> 3.2222222 | D26: ='QC Data'!AN6 -> 3.5555556 | E26: ='QC Data'!AO6 -> 4.1111111 | F26: =1+COUNTIF($B26:$E26,">"&B26)+(COUNTIF($B26:$E26,B26)-1)/2 -> 4 | G26: =1+COUNTIF($B26:$E26,">"&C26)+(COUNTIF($B26:$E26,C26)-1)/2 -> 3 | H26: =1+COUNTIF($B26:$E26,">"&D26)+(COUNTIF($B26:$E26,D26)-1)/2 -> 2 | I26: =1+COUNTIF($B26:$E26,">"&E26)+(COUNTIF($B26:$E26,E26)-1)/2 -> 1 | J26: =IF(COUNTIF($F26:$I26,F26)>1,COUNTIF($F26:$I26,F26)^3-COUNTIF($F26:$I26,F26),0)+IF(AND(COUNTIF($F26:$I26,G26)>1,G26<>F26),COUNTIF($F26:$I26,G26)^3-COUNTIF($F26:$I26,G26),0)+IF(AND(COUNTIF($F26:$I26,H26)>1,H26<>F26,H26<>G26),COUNTIF($F26:$I26,H26)^3-COUNTIF($F26:$I26,H26),0)+IF(AND(COUNTIF($F26:$I26,I26)>1,I26<>F26,I26<>G26,I26<>H26),COUNTIF($F26:$I26,I26)^3-COUNTIF($F26:$I26,I26),0) -> 0
A27: R03 | B27: ='QC Data'!AL7 -> 2.3333333 | C27: ='QC Data'!AM7 -> 2.6666667 | D27: ='QC Data'!AN7 -> 3.7777778 | E27: ='QC Data'!AO7 -> 4.2222222 | F27: =1+COUNTIF($B27:$E27,">"&B27)+(COUNTIF($B27:$E27,B27)-1)/2 -> 4 | G27: =1+COUNTIF($B27:$E27,">"&C27)+(COUNTIF($B27:$E27,C27)-1)/2 -> 3 | H27: =1+COUNTIF($B27:$E27,">"&D27)+(COUNTIF($B27:$E27,D27)-1)/2 -> 2 | I27: =1+COUNTIF($B27:$E27,">"&E27)+(COUNTIF($B27:$E27,E27)-1)/2 -> 1 | J27: =IF(COUNTIF($F27:$I27,F27)>1,COUNTIF($F27:$I27,F27)^3-COUNTIF($F27:$I27,F27),0)+IF(AND(COUNTIF($F27:$I27,G27)>1,G27<>F27),COUNTIF($F27:$I27,G27)^3-COUNTIF($F27:$I27,G27),0)+IF(AND(COUNTIF($F27:$I27,H27)>1,H27<>F27,H27<>G27),COUNTIF($F27:$I27,H27)^3-COUNTIF($F27:$I27,H27),0)+IF(AND(COUNTIF($F27:$I27,I27)>1,I27<>F27,I27<>G27,I27<>H27),COUNTIF($F27:$I27,I27)^3-COUNTIF($F27:$I27,I27),0) -> 0
A28: R04 | B28: ='QC Data'!AL8 -> 2.5555556 | C28: ='QC Data'!AM8 -> 3 | D28: ='QC Data'!AN8 -> 3.4444444 | E28: ='QC Data'!AO8 -> 4 | F28: =1+COUNTIF($B28:$E28,">"&B28)+(COUNTIF($B28:$E28,B28)-1)/2 -> 4 | G28: =1+COUNTIF($B28:$E28,">"&C28)+(COUNTIF($B28:$E28,C28)-1)/2 -> 3 | H28: =1+COUNTIF($B28:$E28,">"&D28)+(COUNTIF($B28:$E28,D28)-1)/2 -> 2 | I28: =1+COUNTIF($B28:$E28,">"&E28)+(COUNTIF($B28:$E28,E28)-1)/2 -> 1 | J28: =IF(COUNTIF($F28:$I28,F28)>1,COUNTIF($F28:$I28,F28)^3-COUNTIF($F28:$I28,F28),0)+IF(AND(COUNTIF($F28:$I28,G28)>1,G28<>F28),COUNTIF($F28:$I28,G28)^3-COUNTIF($F28:$I28,G28),0)+IF(AND(COUNTIF($F28:$I28,H28)>1,H28<>F28,H28<>G28),COUNTIF($F28:$I28,H28)^3-COUNTIF($F28:$I28,H28),0)+IF(AND(COUNTIF($F28:$I28,I28)>1,I28<>F28,I28<>G28,I28<>H28),COUNTIF($F28:$I28,I28)^3-COUNTIF($F28:$I28,I28),0) -> 0
A29: R05 | B29: ='QC Data'!AL9 -> 2.8888889 | C29: ='QC Data'!AM9 -> 3.4444444 | D29: ='QC Data'!AN9 -> 3 | E29: ='QC Data'!AO9 -> 4.4444444 | F29: =1+COUNTIF($B29:$E29,">"&B29)+(COUNTIF($B29:$E29,B29)-1)/2 -> 4 | G29: =1+COUNTIF($B29:$E29,">"&C29)+(COUNTIF($B29:$E29,C29)-1)/2 -> 2 | H29: =1+COUNTIF($B29:$E29,">"&D29)+(COUNTIF($B29:$E29,D29)-1)/2 -> 3 | I29: =1+COUNTIF($B29:$E29,">"&E29)+(COUNTIF($B29:$E29,E29)-1)/2 -> 1 | J29: =IF(COUNTIF($F29:$I29,F29)>1,COUNTIF($F29:$I29,F29)^3-COUNTIF($F29:$I29,F29),0)+IF(AND(COUNTIF($F29:$I29,G29)>1,G29<>F29),COUNTIF($F29:$I29,G29)^3-COUNTIF($F29:$I29,G29),0)+IF(AND(COUNTIF($F29:$I29,H29)>1,H29<>F29,H29<>G29),COUNTIF($F29:$I29,H29)^3-COUNTIF($F29:$I29,H29),0)+IF(AND(COUNTIF($F29:$I29,I29)>1,I29<>F29,I29<>G29,I29<>H29),COUNTIF($F29:$I29,I29)^3-COUNTIF($F29:$I29,I29),0) -> 0
A30: R06 | B30: ='QC Data'!AL10 -> 3 | C30: ='QC Data'!AM10 -> 3.4444444 | D30: ='QC Data'!AN10 -> 3.3333333 | E30: ='QC Data'!AO10 -> 4 | F30: =1+COUNTIF($B30:$E30,">"&B30)+(COUNTIF($B30:$E30,B30)-1)/2 -> 4 | G30: =1+COUNTIF($B30:$E30,">"&C30)+(COUNTIF($B30:$E30,C30)-1)/2 -> 2 | H30: =1+COUNTIF($B30:$E30,">"&D30)+(COUNTIF($B30:$E30,D30)-1)/2 -> 3 | I30: =1+COUNTIF($B30:$E30,">"&E30)+(COUNTIF($B30:$E30,E30)-1)/2 -> 1 | J30: =IF(COUNTIF($F30:$I30,F30)>1,COUNTIF($F30:$I30,F30)^3-COUNTIF($F30:$I30,F30),0)+IF(AND(COUNTIF($F30:$I30,G30)>1,G30<>F30),COUNTIF($F30:$I30,G30)^3-COUNTIF($F30:$I30,G30),0)+IF(AND(COUNTIF($F30:$I30,H30)>1,H30<>F30,H30<>G30),COUNTIF($F30:$I30,H30)^3-COUNTIF($F30:$I30,H30),0)+IF(AND(COUNTIF($F30:$I30,I30)>1,I30<>F30,I30<>G30,I30<>H30),COUNTIF($F30:$I30,I30)^3-COUNTIF($F30:$I30,I30),0) -> 0
A31: R07 | B31: ='QC Data'!AL11 -> 3 | C31: ='QC Data'!AM11 -> 3.2222222 | D31: ='QC Data'!AN11 -> 3.4444444 | E31: ='QC Data'!AO11 -> 3.8888889 | F31: =1+COUNTIF($B31:$E31,">"&B31)+(COUNTIF($B31:$E31,B31)-1)/2 -> 4 | G31: =1+COUNTIF($B31:$E31,">"&C31)+(COUNTIF($B31:$E31,C31)-1)/2 -> 3 | H31: =1+COUNTIF($B31:$E31,">"&D31)+(COUNTIF($B31:$E31,D31)-1)/2 -> 2 | I31: =1+COUNTIF($B31:$E31,">"&E31)+(COUNTIF($B31:$E31,E31)-1)/2 -> 1 | J31: =IF(COUNTIF($F31:$I31,F31)>1,COUNTIF($F31:$I31,F31)^3-COUNTIF($F31:$I31,F31),0)+IF(AND(COUNTIF($F31:$I31,G31)>1,G31<>F31),COUNTIF($F31:$I31,G31)^3-COUNTIF($F31:$I31,G31),0)+IF(AND(COUNTIF($F31:$I31,H31)>1,H31<>F31,H31<>G31),COUNTIF($F31:$I31,H31)^3-COUNTIF($F31:$I31,H31),0)+IF(AND(COUNTIF($F31:$I31,I31)>1,I31<>F31,I31<>G31,I31<>H31),COUNTIF($F31:$I31,I31)^3-COUNTIF($F31:$I31,I31),0) -> 0
A32: R08 | B32: ='QC Data'!AL12 -> 2.4444444 | C32: ='QC Data'!AM12 -> 3 | D32: ='QC Data'!AN12 -> 3.2222222 | E32: ='QC Data'!AO12 -> 3.7777778 | F32: =1+COUNTIF($B32:$E32,">"&B32)+(COUNTIF($B32:$E32,B32)-1)/2 -> 4 | G32: =1+COUNTIF($B32:$E32,">"&C32)+(COUNTIF($B32:$E32,C32)-1)/2 -> 3 | H32: =1+COUNTIF($B32:$E32,">"&D32)+(COUNTIF($B32:$E32,D32)-1)/2 -> 2 | I32: =1+COUNTIF($B32:$E32,">"&E32)+(COUNTIF($B32:$E32,E32)-1)/2 -> 1 | J32: =IF(COUNTIF($F32:$I32,F32)>1,COUNTIF($F32:$I32,F32)^3-COUNTIF($F32:$I32,F32),0)+IF(AND(COUNTIF($F32:$I32,G32)>1,G32<>F32),COUNTIF($F32:$I32,G32)^3-COUNTIF($F32:$I32,G32),0)+IF(AND(COUNTIF($F32:$I32,H32)>1,H32<>F32,H32<>G32),COUNTIF($F32:$I32,H32)^3-COUNTIF($F32:$I32,H32),0)+IF(AND(COUNTIF($F32:$I32,I32)>1,I32<>F32,I32<>G32,I32<>H32),COUNTIF($F32:$I32,I32)^3-COUNTIF($F32:$I32,I32),0) -> 0
A33: R09 | B33: ='QC Data'!AL13 -> 2.7777778 | C33: ='QC Data'!AM13 -> 2.6666667 | D33: ='QC Data'!AN13 -> 3.3333333 | E33: ='QC Data'!AO13 -> 3.8888889 | F33: =1+COUNTIF($B33:$E33,">"&B33)+(COUNTIF($B33:$E33,B33)-1)/2 -> 3 | G33: =1+COUNTIF($B33:$E33,">"&C33)+(COUNTIF($B33:$E33,C33)-1)/2 -> 4 | H33: =1+COUNTIF($B33:$E33,">"&D33)+(COUNTIF($B33:$E33,D33)-1)/2 -> 2 | I33: =1+COUNTIF($B33:$E33,">"&E33)+(COUNTIF($B33:$E33,E33)-1)/2 -> 1 | J33: =IF(COUNTIF($F33:$I33,F33)>1,COUNTIF($F33:$I33,F33)^3-COUNTIF($F33:$I33,F33),0)+IF(AND(COUNTIF($F33:$I33,G33)>1,G33<>F33),COUNTIF($F33:$I33,G33)^3-COUNTIF($F33:$I33,G33),0)+IF(AND(COUNTIF($F33:$I33,H33)>1,H33<>F33,H33<>G33),COUNTIF($F33:$I33,H33)^3-COUNTIF($F33:$I33,H33),0)+IF(AND(COUNTIF($F33:$I33,I33)>1,I33<>F33,I33<>G33,I33<>H33),COUNTIF($F33:$I33,I33)^3-COUNTIF($F33:$I33,I33),0) -> 0
A34: R10 | B34: ='QC Data'!AL14 -> 2.7777778 | C34: ='QC Data'!AM14 -> 3.1111111 | D34: ='QC Data'!AN14 -> 2.8888889 | E34: ='QC Data'!AO14 -> 3.6666667 | F34: =1+COUNTIF($B34:$E34,">"&B34)+(COUNTIF($B34:$E34,B34)-1)/2 -> 4 | G34: =1+COUNTIF($B34:$E34,">"&C34)+(COUNTIF($B34:$E34,C34)-1)/2 -> 2 | H34: =1+COUNTIF($B34:$E34,">"&D34)+(COUNTIF($B34:$E34,D34)-1)/2 -> 3 | I34: =1+COUNTIF($B34:$E34,">"&E34)+(COUNTIF($B34:$E34,E34)-1)/2 -> 1 | J34: =IF(COUNTIF($F34:$I34,F34)>1,COUNTIF($F34:$I34,F34)^3-COUNTIF($F34:$I34,F34),0)+IF(AND(COUNTIF($F34:$I34,G34)>1,G34<>F34),COUNTIF($F34:$I34,G34)^3-COUNTIF($F34:$I34,G34),0)+IF(AND(COUNTIF($F34:$I34,H34)>1,H34<>F34,H34<>G34),COUNTIF($F34:$I34,H34)^3-COUNTIF($F34:$I34,H34),0)+IF(AND(COUNTIF($F34:$I34,I34)>1,I34<>F34,I34<>G34,I34<>H34),COUNTIF($F34:$I34,I34)^3-COUNTIF($F34:$I34,I34),0) -> 0
A35: R11 | B35: ='QC Data'!AL15 -> 2.5555556 | C35: ='QC Data'!AM15 -> 3 | D35: ='QC Data'!AN15 -> 3.2222222 | E35: ='QC Data'!AO15 -> 4.3333333 | F35: =1+COUNTIF($B35:$E35,">"&B35)+(COUNTIF($B35:$E35,B35)-1)/2 -> 4 | G35: =1+COUNTIF($B35:$E35,">"&C35)+(COUNTIF($B35:$E35,C35)-1)/2 -> 3 | H35: =1+COUNTIF($B35:$E35,">"&D35)+(COUNTIF($B35:$E35,D35)-1)/2 -> 2 | I35: =1+COUNTIF($B35:$E35,">"&E35)+(COUNTIF($B35:$E35,E35)-1)/2 -> 1 | J35: =IF(COUNTIF($F35:$I35,F35)>1,COUNTIF($F35:$I35,F35)^3-COUNTIF($F35:$I35,F35),0)+IF(AND(COUNTIF($F35:$I35,G35)>1,G35<>F35),COUNTIF($F35:$I35,G35)^3-COUNTIF($F35:$I35,G35),0)+IF(AND(COUNTIF($F35:$I35,H35)>1,H35<>F35,H35<>G35),COUNTIF($F35:$I35,H35)^3-COUNTIF($F35:$I35,H35),0)+IF(AND(COUNTIF($F35:$I35,I35)>1,I35<>F35,I35<>G35,I35<>H35),COUNTIF($F35:$I35,I35)^3-COUNTIF($F35:$I35,I35),0) -> 0
A36: R12 | B36: ='QC Data'!AL16 -> 2.7777778 | C36: ='QC Data'!AM16 -> 2.7777778 | D36: ='QC Data'!AN16 -> 3.2222222 | E36: ='QC Data'!AO16 -> 4 | F36: =1+COUNTIF($B36:$E36,">"&B36)+(COUNTIF($B36:$E36,B36)-1)/2 -> 3.5 | G36: =1+COUNTIF($B36:$E36,">"&C36)+(COUNTIF($B36:$E36,C36)-1)/2 -> 3.5 | H36: =1+COUNTIF($B36:$E36,">"&D36)+(COUNTIF($B36:$E36,D36)-1)/2 -> 2 | I36: =1+COUNTIF($B36:$E36,">"&E36)+(COUNTIF($B36:$E36,E36)-1)/2 -> 1 | J36: =IF(COUNTIF($F36:$I36,F36)>1,COUNTIF($F36:$I36,F36)^3-COUNTIF($F36:$I36,F36),0)+IF(AND(COUNTIF($F36:$I36,G36)>1,G36<>F36),COUNTIF($F36:$I36,G36)^3-COUNTIF($F36:$I36,G36),0)+IF(AND(COUNTIF($F36:$I36,H36)>1,H36<>F36,H36<>G36),COUNTIF($F36:$I36,H36)^3-COUNTIF($F36:$I36,H36),0)+IF(AND(COUNTIF($F36:$I36,I36)>1,I36<>F36,I36<>G36,I36<>H36),COUNTIF($F36:$I36,I36)^3-COUNTIF($F36:$I36,I36),0) -> 6
... A43: R19 | B43: ='QC Data'!AL23 -> 2.8888889 | C43: ='QC Data'!AM23 -> 2.6666667 | D43: ='QC Data'!AN23 -> 3 | E43: ='QC Data'!AO23 -> 4.3333333 | F43: =1+COUNTIF($B43:$E43,">"&B43)+(COUNTIF($B43:$E43,B43)-1)/2 -> 3 | G43: =1+COUNTIF($B43:$E43,">"&C43)+(COUNTIF($B43:$E43,C43)-1)/2 -> 4 | H43: =1+COUNTIF($B43:$E43,">"&D43)+(COUNTIF($B43:$E43,D43)-1)/2 -> 2 | I43: =1+COUNTIF($B43:$E43,">"&E43)+(COUNTIF($B43:$E43,E43)-1)/2 -> 1 | J43: =IF(COUNTIF($F43:$I43,F43)>1,COUNTIF($F43:$I43,F43)^3-COUNTIF($F43:$I43,F43),0)+IF(AND(COUNTIF($F43:$I43,G43)>1,G43<>F43),COUNTIF($F43:$I43,G43)^3-COUNTIF($F43:$I43,G43),0)+IF(AND(COUNTIF($F43:$I43,H43)>1,H43<>F43,H43<>G43),COUNTIF($F43:$I43,H43)^3-COUNTIF($F43:$I43,H43),0)+IF(AND(COUNTIF($F43:$I43,I43)>1,I43<>F43,I43<>G43,I43<>H43),COUNTIF($F43:$I43,I43)^3-COUNTIF($F43:$I43,I43),0) -> 0
F44: =SUM(F25:F43) -> 72.5 | G44: =SUM(G25:G43) -> 56.5 | H44: =SUM(H25:H43) -> 42 | I44: =SUM(I25:I43) -> 19

Sheet QC_Paired_t_Test
A1: QUANTITATIVE COMPARATIVE EVALUATION + PAIRED-SAMPLES t-TEST
A2: Formula-driven analysis based on the 19 respondent-level records in 'QC Data'; higher scores indicate stronger evaluated capability.
A4: SECTION 1 — DESCRIPTIVE COMPARISON
A5: Approach | B5: Mean score (1–5) | C5: Normalized score (%) | D5: Rank (1 = highest) | E5: Mean difference vs PRASASTI | F5: Interpretation
A6: Ward & Peppard | B6: =QC_Summary!B14 -> 2.7017544 | C6: =QC_Summary!D18 -> 54.035088 | D6: =RANK(B6,$B$6:$B$9,0) -> 4 | E6: =$B$9-B6 -> 1.3391813 | F6: =IF(A6="PRASASTI","Reference approach",IF(E6>0,"PRASASTI mean is higher",IF(E6<0,"PRASASTI mean is lower","Equal mean scores"))) -> PRASASTI mean is higher
A7: TOGAF ADM | B7: =QC_Summary!C14 -> 3.0409357 | C7: =QC_Summary!D19 -> 60.818713 | D7: =RANK(B7,$B$6:$B$9,0) -> 3 | E7: =$B$9-B7 -> 1 | F7: =IF(A7="PRASASTI","Reference approach",IF(E7>0,"PRASASTI mean is higher",IF(E7<0,"PRASASTI mean is lower","Equal mean scores"))) -> PRASASTI mean is higher
A8: COBIT 2019 | B8: =QC_Summary!D14 -> 3.2982456 | C8: =QC_Summary!D20 -> 65.964912 | D8: =RANK(B8,$B$6:$B$9,0) -> 2 | E8: =$B$9-B8 -> 0.74269006 | F8: =IF(A8="PRASASTI","Reference approach",IF(E8>0,"PRASASTI mean is higher",IF(E8<0,"PRASASTI mean is lower","Equal mean scores"))) -> PRASASTI mean is higher
A9: PRASASTI | B9: =QC_Summary!E14 -> 4.0409357 | C9: =QC_Summary!D21 -> 80.818713 | D9: =RANK(B9,$B$6:$B$9,0) -> 1 | E9: =$B$9-B9 -> 0 | F9: =IF(A9="PRASASTI","Reference approach",IF(E9>0,"PRASASTI mean is higher",IF(E9<0,"PRASASTI mean is lower","Equal mean scores"))) -> Reference approach
A11: SECTION 2 — RESPONDENT-LEVEL SCORES AND PAIRED DIFFERENCES
A12: Scores are linked to QC Data columns AL:AO (the mean of nine criteria for each respondent). Difference = PRASASTI score − comparator score.
A14: Respondent | B14: Ward & Peppard mean | C14: TOGAF ADM mean | D14: COBIT 2019 mean | E14: PRASASTI mean | F14: Difference: P − W&P | G14: Difference: P − TOGAF | H14: Difference: P − COBIT
A15: ='QC Data'!A5 -> R01 | B15: ='QC Data'!AL5 -> 2.8888889 | C15: ='QC Data'!AM5 -> 3.1111111 | D15: ='QC Data'!AN5 -> 3.2222222 | E15: ='QC Data'!AO5 -> 3.6666667 | F15: =E15-B15 -> 0.77777778 | G15: =E15-C15 -> 0.55555556 | H15: =E15-D15 -> 0.44444444
A16: ='QC Data'!A6 -> R02 | B16: ='QC Data'!AL6 -> 2.1111111 | C16: ='QC Data'!AM6 -> 3.2222222 | D16: ='QC Data'!AN6 -> 3.5555556 | E16: ='QC Data'!AO6 -> 4.1111111 | F16: =E16-B16 -> 2 | G16: =E16-C16 -> 0.88888889 | H16: =E16-D16 -> 0.55555556
A17: ='QC Data'!A7 -> R03 | B17: ='QC Data'!AL7 -> 2.3333333 | C17: ='QC Data'!AM7 -> 2.6666667 | D17: ='QC Data'!AN7 -> 3.7777778 | E17: ='QC Data'!AO7 -> 4.2222222 | F17: =E17-B17 -> 1.8888889 | G17: =E17-C17 -> 1.5555556 | H17: =E17-D17 -> 0.44444444
A18: ='QC Data'!A8 -> R04 | B18: ='QC Data'!AL8 -> 2.5555556 | C18: ='QC Data'!AM8 -> 3 | D18: ='QC Data'!AN8 -> 3.4444444 | E18: ='QC Data'!AO8 -> 4 | F18: =E18-B18 -> 1.4444444 | G18: =E18-C18 -> 1 | H18: =E18-D18 -> 0.55555556
A19: ='QC Data'!A9 -> R05 | B19: ='QC Data'!AL9 -> 2.8888889 | C19: ='QC Data'!AM9 -> 3.4444444 | D19: ='QC Data'!AN9 -> 3 | E19: ='QC Data'!AO9 -> 4.4444444 | F19: =E19-B19 -> 1.5555556 | G19: =E19-C19 -> 1 | H19: =E19-D19 -> 1.4444444
A20: ='QC Data'!A10 -> R06 | B20: ='QC Data'!AL10 -> 3 | C20: ='QC Data'!AM10 -> 3.4444444 | D20: ='QC Data'!AN10 -> 3.3333333 | E20: ='QC Data'!AO10 -> 4 | F20: =E20-B20 -> 1 | G20: =E20-C20 -> 0.55555556 | H20: =E20-D20 -> 0.66666667
A21: ='QC Data'!A11 -> R07 | B21: ='QC Data'!AL11 -> 3 | C21: ='QC Data'!AM11 -> 3.2222222 | D21: ='QC Data'!AN11 -> 3.4444444 | E21: ='QC Data'!AO11 -> 3.8888889 | F21: =E21-B21 -> 0.88888889 | G21: =E21-C21 -> 0.66666667 | H21: =E21-D21 -> 0.44444444
A22: ='QC Data'!A12 -> R08 | B22: ='QC Data'!AL12 -> 2.4444444 | C22: ='QC Data'!AM12 -> 3 | D22: ='QC Data'!AN12 -> 3.2222222 | E22: ='QC Data'!AO12 -> 3.7777778 | F22: =E22-B22 -> 1.3333333 | G22: =E22-C22 -> 0.77777778 | H22: =E22-D22 -> 0.55555556
A23: ='QC Data'!A13 -> R09 | B23: ='QC Data'!AL13 -> 2.7777778 | C23: ='QC Data'!AM13 -> 2.6666667 | D23: ='QC Data'!AN13 -> 3.3333333 | E23: ='QC Data'!AO13 -> 3.8888889 | F23: =E23-B23 -> 1.1111111 | G23: =E23-C23 -> 1.2222222 | H23: =E23-D23 -> 0.55555556
A24: ='QC Data'!A14 -> R10 | B24: ='QC Data'!AL14 -> 2.7777778 | C24: ='QC Data'!AM14 -> 3.1111111 | D24: ='QC Data'!AN14 -> 2.8888889 | E24: ='QC Data'!AO14 -> 3.6666667 | F24: =E24-B24 -> 0.88888889 | G24: =E24-C24 -> 0.55555556 | H24: =E24-D24 -> 0.77777778
A25: ='QC Data'!A15 -> R11 | B25: ='QC Data'!AL15 -> 2.5555556 | C25: ='QC Data'!AM15 -> 3 | D25: ='QC Data'!AN15 -> 3.2222222 | E25: ='QC Data'!AO15 -> 4.3333333 | F25: =E25-B25 -> 1.7777778 | G25: =E25-C25 -> 1.3333333 | H25: =E25-D25 -> 1.1111111
A26: ='QC Data'!A16 -> R12 | B26: ='QC Data'!AL16 -> 2.7777778 | C26: ='QC Data'!AM16 -> 2.7777778 | D26: ='QC Data'!AN16 -> 3.2222222 | E26: ='QC Data'!AO16 -> 4 | F26: =E26-B26 -> 1.2222222 | G26: =E26-C26 -> 1.2222222 | H26: =E26-D26 -> 0.77777778
... A33: ='QC Data'!A23 -> R19 | B33: ='QC Data'!AL23 -> 2.8888889 | C33: ='QC Data'!AM23 -> 2.6666667 | D33: ='QC Data'!AN23 -> 3 | E33: ='QC Data'!AO23 -> 4.3333333 | F33: =E33-B33 -> 1.4444444 | G33: =E33-C33 -> 1.6666667 | H33: =E33-D33 -> 1.3333333
A35: SECTION 3 — PAIRED-SAMPLES t-TEST SUMMARY
A36: Two-tailed paired t-tests compare each comparator with PRASASTI using paired scores from the same 19 respondents. Bonferroni adjustment is included for the three comparisons.
A38: Comparison (paired) | B38: n | C38: Mean comparator | D38: Mean PRASASTI | E38: Mean difference (P − comparator) | F38: SD of differences | G38: Standard error | H38: t statistic | I38: df | J38: Two-tailed p-value | K38: 95% CI lower | L38: 95% CI upper | M38: Bonferroni-adjusted p | N38: Conclusion (α = 0.05; adjusted α = 0.0167)
A39: PRASASTI vs Ward & Peppard | B39: =COUNT($F$15:$F$33) -> 19 | C39: =AVERAGE($B$15:$B$33) -> 2.7017544 | D39: =AVERAGE($E$15:$E$33) -> 4.0409357 | E39: =AVERAGE($F$15:$F$33) -> 1.3391813 | F39: =STDEV($F$15:$F$33) -> 0.37674821 | G39: =F39/SQRT(B39) -> 0.086431966 | H39: =E39/G39 -> 15.494051 | I39: =B39-1 -> 18 | J39: =TDIST(ABS(H39),I39,2) -> 7.4858585e-12 | K39: =E39-TINV(0.05,I39)*G39 -> 1.1575945 | L39: =E39+TINV(0.05,I39)*G39 -> 1.5207681 | M39: =MIN(1,J39*3) -> 2.2457576e-11 | N39: =IF(M39<0.05/3,IF(E39>0,"PRASASTI significantly higher (Bonferroni-adjusted)","Significant difference; direction is not higher"),"No statistically significant difference after Bonferroni adjustment") -> PRASASTI significantly higher (Bonferroni-adjusted)
A40: PRASASTI vs TOGAF ADM | B40: =COUNT($G$15:$G$33) -> 19 | C40: =AVERAGE($C$15:$C$33) -> 3.0409357 | D40: =AVERAGE($E$15:$E$33) -> 4.0409357 | E40: =AVERAGE($G$15:$G$33) -> 1 | F40: =STDEV($G$15:$G$33) -> 0.3228814 | G40: =F40/SQRT(B40) -> 0.074074074 | H40: =E40/G40 -> 13.5 | I40: =B40-1 -> 18 | J40: =TDIST(ABS(H40),I40,2) -> 7.411495e-11 | K40: =E40-TINV(0.05,I40)*G40 -> 0.84437615 | L40: =E40+TINV(0.05,I40)*G40 -> 1.1556239 | M40: =MIN(1,J40*3) -> 2.2234485e-10 | N40: =IF(M40<0.05/3,IF(E40>0,"PRASASTI significantly higher (Bonferroni-adjusted)","Significant difference; direction is not higher"),"No statistically significant difference after Bonferroni adjustment") -> PRASASTI significantly higher (Bonferroni-adjusted)
A41: PRASASTI vs COBIT 2019 | B41: =COUNT($H$15:$H$33) -> 19 | C41: =AVERAGE($D$15:$D$33) -> 3.2982456 | D41: =AVERAGE($E$15:$E$33) -> 4.0409357 | E41: =AVERAGE($H$15:$H$33) -> 0.74269006 | F41: =STDEV($H$15:$H$33) -> 0.31655864 | G41: =F41/SQRT(B41) -> 0.072623532 | H41: =E41/G41 -> 10.226576 | I41: =B41-1 -> 18 | J41: =TDIST(ABS(H41),I41,2) -> 6.3194104e-09 | K41: =E41-TINV(0.05,I41)*G41 -> 0.59011368 | L41: =E41+TINV(0.05,I41)*G41 -> 0.89526644 | M41: =MIN(1,J41*3) -> 1.8958231e-08 | N41: =IF(M41<0.05/3,IF(E41>0,"PRASASTI significantly higher (Bonferroni-adjusted)","Significant difference; direction is not higher"),"No statistically significant difference after Bonferroni adjustment") -> PRASASTI significantly higher (Bonferroni-adjusted)
A44: SECTION 4 — FORMULAS, INTERPRETATION, AND ASSUMPTIONS
A46: Mean score | B46: AVERAGE(respondent scores) | C46: Average score for each approach across the 19 respondents; the underlying approach scores are the means of the nine criterion ratings.
A47: Mean difference | B47: AVERAGE(PRASASTI − comparator) | C47: Positive value means PRASASTI's average respondent-level score is higher than the comparator.
A48: SD of paired differences | B48: STDEV.S(differences) | C48: Sample standard deviation of the 19 paired differences.
A49: Standard error | B49: SD / SQRT(n) | C49: Estimated standard error of the mean paired difference.
A50: t statistic | B50: Mean difference / Standard error | C50: Tests whether the population mean paired difference is zero.
A51: Degrees of freedom | B51: n − 1 | C51: For 19 complete pairs, df = 18.
A52: Two-tailed p-value | B52: T.DIST.2T(ABS(t), df) | C52: Raw p-value for each paired comparison.
A53: 95% confidence interval | B53: Mean difference ± T.INV.2T(0.05, df) × Standard error | C53: If the interval excludes zero, the paired difference is significant at the unadjusted 5% level.
A54: Bonferroni-adjusted p-value | B54: MIN(raw p-value × 3, 1) | C54: Adjusts for three pairwise comparisons. Compare adjusted p-values with 0.05 (equivalent to raw p < 0.0167).
A55: Assumption to check | B55: Inspect distribution of paired differences | C55: Paired t-test assumes independent respondent pairs and approximately normally distributed paired differences, especially important with n = 19. If this is not reasonable, consider Wilcoxon signed-rank tests.
A56: Scope of conclusion | B56: Evidence from this instrument and sample | C56: A significant result supports higher scores under the defined criteria and evaluation protocol; it does not prove universal superiority in every organization or context.
A59: REPORTING NOTE
A60: Use the calculated means, mean differences, confidence intervals, and p-values from Section 3 when writing the Results. Do not claim PRASASTI is statistically superior unless the real QC Data support a positive difference and the relevant adjusted test is significant. The current sheet calculates results from the linked QC Data records; all green cells contain formulas.
